<?xml version = '1.0' encoding = 'UTF-8'?>
<Table class="oracle.dbtools.crest.model.design.relational.Table" directorySegmentName="seg_0" id="245FDA22-1E19-6A32-D438-71BA1F4334FE" name="DetalleVenta">
<createdBy>rafae</createdBy>
<createdTime>2024-10-07 09:06:27 UTC</createdTime>
<generatorID>D8929B49-2001-F323-BB70-63D9AA3E72AB</generatorID>
<ownerDesignName>CAPSTONE_GRUPO4</ownerDesignName>
<abbreviation>DetallVent</abbreviation>
<allowColumnReorder>false</allowColumnReorder>
<existDependencyGenerateInDDl>true</existDependencyGenerateInDDl>
<parsed>true</parsed>
<columns itemClass="oracle.dbtools.crest.model.design.relational.Column">
<Column name="Venta_ID_venta" id="BBC86BBD-A39A-0012-ABFC-3BCBC5F552A8">
<createdBy>rafae</createdBy>
<createdTime>2024-10-07 09:06:27 UTC</createdTime>
<generatorID>FB1137B0-6E8C-5FB0-01C3-E8DA9D63440A</generatorID>
<ownerDesignName>CAPSTONE_GRUPO4</ownerDesignName>
<useDomainConstraints>false</useDomainConstraints>
<use>1</use>
<logicalDatatype>LOGDT011</logicalDatatype>
<ownDataTypeParameters>,,</ownDataTypeParameters>
<previousColumn>false</previousColumn>
<autoIncrementCycle>false</autoIncrementCycle>
<associations>
<colAssociation fkAssociation="1A71B699-921B-F947-5393-B60612226D35" referredColumn="20468920-E101-E90A-AD23-8155112B828B"/>
</associations>
</Column>
<Column name="Producto_ID_Producto" id="82E4B7A3-FA8A-2C47-6A19-E40DE1203E9F">
<createdBy>rafae</createdBy>
<createdTime>2024-10-07 09:06:27 UTC</createdTime>
<generatorID>FEF1BC3F-9667-33DD-703C-11762A59F726</generatorID>
<ownerDesignName>CAPSTONE_GRUPO4</ownerDesignName>
<useDomainConstraints>false</useDomainConstraints>
<use>1</use>
<logicalDatatype>LOGDT019</logicalDatatype>
<dataTypePrecision>2</dataTypePrecision>
<dataTypeScale>1</dataTypeScale>
<ownDataTypeParameters>,,</ownDataTypeParameters>
<previousColumn>false</previousColumn>
<autoIncrementCycle>false</autoIncrementCycle>
<associations>
<colAssociation fkAssociation="56AD7C02-04DD-ACD7-CCAF-586511E2BE19" referredColumn="84B05E2C-2235-C8FC-7964-C0B503EF3BA1"/>
</associations>
</Column>
<Column name="Tipocomprobante" id="DAD97ABE-C67B-A50E-5905-6A7C781384B2">
<createdBy>rafae</createdBy>
<createdTime>2024-10-07 09:06:27 UTC</createdTime>
<generatorID>89F9F1C4-EEAA-6F87-562B-305A27D36371</generatorID>
<ownerDesignName>CAPSTONE_GRUPO4</ownerDesignName>
<useDomainConstraints>false</useDomainConstraints>
<use>1</use>
<logicalDatatype>LOGDT024</logicalDatatype>
<dataTypeSize>20 CHAR</dataTypeSize>
<ownDataTypeParameters>20 CHAR,,</ownDataTypeParameters>
<autoIncrementCycle>false</autoIncrementCycle>
</Column>
<Column name="SerieComprobante" id="17178ABD-6F43-AC41-DA4B-C49B6D599540">
<createdBy>rafae</createdBy>
<createdTime>2024-10-07 09:06:27 UTC</createdTime>
<generatorID>EDB936EC-4164-2FFE-4580-C1338D289C26</generatorID>
<ownerDesignName>CAPSTONE_GRUPO4</ownerDesignName>
<useDomainConstraints>false</useDomainConstraints>
<use>1</use>
<logicalDatatype>LOGDT024</logicalDatatype>
<dataTypeSize>7 CHAR</dataTypeSize>
<ownDataTypeParameters>7 CHAR,,</ownDataTypeParameters>
<autoIncrementCycle>false</autoIncrementCycle>
</Column>
<Column name="numComprobante" id="16577128-DB0C-55DD-32DF-0C77A0AEC67E">
<createdBy>rafae</createdBy>
<createdTime>2024-10-07 09:06:27 UTC</createdTime>
<generatorID>881F0343-5B03-80C3-5CED-F4E872120682</generatorID>
<ownerDesignName>CAPSTONE_GRUPO4</ownerDesignName>
<useDomainConstraints>false</useDomainConstraints>
<use>1</use>
<logicalDatatype>LOGDT024</logicalDatatype>
<dataTypeSize>10 CHAR</dataTypeSize>
<ownDataTypeParameters>10 CHAR,,</ownDataTypeParameters>
<autoIncrementCycle>false</autoIncrementCycle>
</Column>
<Column name="fecha_hora" id="1BC78AA7-4A6F-B140-DA53-E574ED355597">
<createdBy>rafae</createdBy>
<createdTime>2024-10-07 09:06:27 UTC</createdTime>
<generatorID>15105AFA-397B-5B2C-75E4-63EC48046A59</generatorID>
<ownerDesignName>CAPSTONE_GRUPO4</ownerDesignName>
<useDomainConstraints>false</useDomainConstraints>
<use>1</use>
<logicalDatatype>LOGDT008</logicalDatatype>
<ownDataTypeParameters>,,</ownDataTypeParameters>
<autoIncrementCycle>false</autoIncrementCycle>
</Column>
<Column name="impuesto" id="FF04671E-8AC8-6311-B4B4-772A8691E0F6">
<createdBy>rafae</createdBy>
<createdTime>2024-10-07 09:06:27 UTC</createdTime>
<generatorID>A62A0859-7C28-B0F0-49DA-5384EC54B864</generatorID>
<ownerDesignName>CAPSTONE_GRUPO4</ownerDesignName>
<useDomainConstraints>false</useDomainConstraints>
<use>1</use>
<logicalDatatype>LOGDT026</logicalDatatype>
<dataTypePrecision>4</dataTypePrecision>
<dataTypeScale>2</dataTypeScale>
<ownDataTypeParameters>,4,2</ownDataTypeParameters>
<autoIncrementCycle>false</autoIncrementCycle>
</Column>
<Column name="total_venta" id="A3C4EA92-5B83-6B02-970A-251C33B91930">
<createdBy>rafae</createdBy>
<createdTime>2024-10-07 09:06:27 UTC</createdTime>
<generatorID>2CB331E1-FB18-A85D-7A93-1015C774D824</generatorID>
<ownerDesignName>CAPSTONE_GRUPO4</ownerDesignName>
<useDomainConstraints>false</useDomainConstraints>
<use>1</use>
<logicalDatatype>LOGDT026</logicalDatatype>
<dataTypePrecision>11</dataTypePrecision>
<dataTypeScale>2</dataTypeScale>
<ownDataTypeParameters>,11,2</ownDataTypeParameters>
<autoIncrementCycle>false</autoIncrementCycle>
</Column>
<Column name="estado" id="8F698B3E-5FD7-7C10-CE5F-8FE2A169F574">
<createdBy>rafae</createdBy>
<createdTime>2024-10-07 09:06:27 UTC</createdTime>
<generatorID>2C577F19-FA6D-C893-B834-F6A892AD427E</generatorID>
<ownerDesignName>CAPSTONE_GRUPO4</ownerDesignName>
<useDomainConstraints>false</useDomainConstraints>
<use>1</use>
<logicalDatatype>LOGDT024</logicalDatatype>
<dataTypeSize>20 CHAR</dataTypeSize>
<ownDataTypeParameters>20 CHAR,,</ownDataTypeParameters>
<autoIncrementCycle>false</autoIncrementCycle>
</Column>
<Column name="id_detalleVENTA" id="340F7A53-8EB5-629F-3497-DBCEDCBD8E7B">
<createdBy>rafae</createdBy>
<createdTime>2024-10-07 09:06:27 UTC</createdTime>
<generatorID>50A2E521-8B98-B886-D9AF-A35CC5688FB3</generatorID>
<ownerDesignName>CAPSTONE_GRUPO4</ownerDesignName>
<useDomainConstraints>false</useDomainConstraints>
<use>1</use>
<logicalDatatype>LOGDT011</logicalDatatype>
<ownDataTypeParameters>,,</ownDataTypeParameters>
<autoIncrementCycle>false</autoIncrementCycle>
</Column>
<Column name="Venta_ID_Pago" id="E2C8C573-CC78-1174-8E01-F36A5A4CDE7F">
<createdBy>rafae</createdBy>
<createdTime>2024-10-07 09:06:27 UTC</createdTime>
<generatorID>1A6020B7-4199-86EF-8219-5F46AFA44507</generatorID>
<ownerDesignName>CAPSTONE_GRUPO4</ownerDesignName>
<useDomainConstraints>false</useDomainConstraints>
<use>1</use>
<logicalDatatype>LOGDT019</logicalDatatype>
<dataTypePrecision>20</dataTypePrecision>
<dataTypeScale>1</dataTypeScale>
<ownDataTypeParameters>,,</ownDataTypeParameters>
<previousColumn>false</previousColumn>
<autoIncrementCycle>false</autoIncrementCycle>
<associations>
<colAssociation fkAssociation="1A71B699-921B-F947-5393-B60612226D35" referredColumn="9003EFFD-DF82-49C1-4464-845533D62C98"/>
</associations>
</Column>
</columns>
<indexes itemClass="oracle.dbtools.crest.model.design.relational.Index">
<ind_PK_UK id="905E4DC8-265D-7E50-9DA7-88315781AAA5" name="DetalleVenta_PK">
<createdBy>rafae</createdBy>
<createdTime>2024-10-07 09:06:27 UTC</createdTime>
<generatorID>1F2BBE33-4C45-52CC-5948-02DC2EA1FE75</generatorID>
<ownerDesignName>CAPSTONE_GRUPO4</ownerDesignName>
<pk>true</pk>
<indexState>Primary Constraint</indexState>
<isSurrogateKey>false</isSurrogateKey>
<indexColumnUsage>
<colUsage columnID="BBC86BBD-A39A-0012-ABFC-3BCBC5F552A8"/>
<colUsage columnID="E2C8C573-CC78-1174-8E01-F36A5A4CDE7F"/>
<colUsage columnID="82E4B7A3-FA8A-2C47-6A19-E40DE1203E9F"/>
<colUsage columnID="340F7A53-8EB5-629F-3497-DBCEDCBD8E7B"/>
</indexColumnUsage>
</ind_PK_UK>
<ind_PK_UK id="0E129310-AE56-49A2-E38C-76CFDC75ACD4" name="DetalleVenta_Venta_FK">
<createdBy>rafae</createdBy>
<createdTime>2024-10-07 09:06:27 UTC</createdTime>
<generatorID>54617B12-054D-7402-0285-9142377937C7</generatorID>
<ownerDesignName>CAPSTONE_GRUPO4</ownerDesignName>
<indexState>Foreign Key</indexState>
<isSurrogateKey>false</isSurrogateKey>
<indexColumnUsage>
<colUsage columnID="BBC86BBD-A39A-0012-ABFC-3BCBC5F552A8"/>
<colUsage columnID="E2C8C573-CC78-1174-8E01-F36A5A4CDE7F"/>
</indexColumnUsage>
</ind_PK_UK>
<ind_PK_UK id="1561A49D-5226-4905-A70B-462EBA58DF27" name="DetalleVenta_Producto_FK">
<createdBy>rafae</createdBy>
<createdTime>2024-10-07 09:06:27 UTC</createdTime>
<generatorID>D9CEFB51-56BD-4006-31A9-D7DBD00E00FA</generatorID>
<ownerDesignName>CAPSTONE_GRUPO4</ownerDesignName>
<indexState>Foreign Key</indexState>
<isSurrogateKey>false</isSurrogateKey>
<indexColumnUsage>
<colUsage columnID="82E4B7A3-FA8A-2C47-6A19-E40DE1203E9F"/>
</indexColumnUsage>
</ind_PK_UK>
</indexes>
</Table>