<?xml version = '1.0' encoding = 'UTF-8'?>
<Table class="oracle.dbtools.crest.model.design.relational.Table" directorySegmentName="seg_0" id="499E56E4-FE73-90CF-BF9B-F1BC5DD86F31" name="Factura">
<createdBy>rafae</createdBy>
<createdTime>2024-10-07 09:06:27 UTC</createdTime>
<generatorID>FC215BEB-E656-33EE-FABE-D88B5A7061B3</generatorID>
<ownerDesignName>CAPSTONE_GRUPO4</ownerDesignName>
<abbreviation>Fact</abbreviation>
<allowColumnReorder>false</allowColumnReorder>
<existDependencyGenerateInDDl>true</existDependencyGenerateInDDl>
<parsed>true</parsed>
<columns itemClass="oracle.dbtools.crest.model.design.relational.Column">
<Column name="Venta_ID_venta" id="1A693D8A-59A5-7EC1-7CEC-0D7F0524FC1F">
<createdBy>rafae</createdBy>
<createdTime>2024-10-07 09:06:27 UTC</createdTime>
<generatorID>33405AAA-6750-3E84-2077-BF3F1EEB6F5D</generatorID>
<ownerDesignName>CAPSTONE_GRUPO4</ownerDesignName>
<useDomainConstraints>false</useDomainConstraints>
<use>1</use>
<logicalDatatype>LOGDT011</logicalDatatype>
<ownDataTypeParameters>,,</ownDataTypeParameters>
<previousColumn>false</previousColumn>
<autoIncrementCycle>false</autoIncrementCycle>
<associations>
<colAssociation fkAssociation="17D5C2BD-125B-788D-26D9-92533CF45AE9" referredColumn="20468920-E101-E90A-AD23-8155112B828B"/>
</associations>
</Column>
<Column name="ID_factura" id="0D802370-C295-00F5-3FE6-340295C3EA85">
<createdBy>rafae</createdBy>
<createdTime>2024-10-07 09:06:27 UTC</createdTime>
<generatorID>404C1607-DF3C-A391-193B-058E7C71879C</generatorID>
<ownerDesignName>CAPSTONE_GRUPO4</ownerDesignName>
<useDomainConstraints>false</useDomainConstraints>
<use>1</use>
<logicalDatatype>LOGDT037</logicalDatatype>
<dataTypeSize>30 CHAR</dataTypeSize>
<ownDataTypeParameters>30 CHAR,,</ownDataTypeParameters>
<autoIncrementCycle>false</autoIncrementCycle>
</Column>
<Column name="FechaEmision" id="D7C12F13-62E5-CA16-F236-A30E1086E4D5">
<createdBy>rafae</createdBy>
<createdTime>2024-10-07 09:06:27 UTC</createdTime>
<generatorID>21E1E535-671F-5160-85B3-3DB66C09FE11</generatorID>
<ownerDesignName>CAPSTONE_GRUPO4</ownerDesignName>
<useDomainConstraints>false</useDomainConstraints>
<use>1</use>
<logicalDatatype>LOGDT008</logicalDatatype>
<ownDataTypeParameters>,,</ownDataTypeParameters>
<autoIncrementCycle>false</autoIncrementCycle>
</Column>
<Column name="Ciudad" id="DC36D65F-2F67-DF81-D203-997B2BD4A3F4">
<createdBy>rafae</createdBy>
<createdTime>2024-10-07 09:06:27 UTC</createdTime>
<generatorID>BC0194F6-08D2-C625-F0AA-CDA5F3F6DAF9</generatorID>
<ownerDesignName>CAPSTONE_GRUPO4</ownerDesignName>
<useDomainConstraints>false</useDomainConstraints>
<use>1</use>
<logicalDatatype>LOGDT037</logicalDatatype>
<dataTypeSize>30 CHAR</dataTypeSize>
<ownDataTypeParameters>30 CHAR,,</ownDataTypeParameters>
<autoIncrementCycle>false</autoIncrementCycle>
</Column>
<Column name="Giro" id="648DF7BB-F597-488F-48CE-50D5542EEA6F">
<createdBy>rafae</createdBy>
<createdTime>2024-10-07 09:06:27 UTC</createdTime>
<generatorID>EFB1AF87-EBCE-0C7B-3032-7AE51CA01742</generatorID>
<ownerDesignName>CAPSTONE_GRUPO4</ownerDesignName>
<useDomainConstraints>false</useDomainConstraints>
<use>1</use>
<logicalDatatype>LOGDT037</logicalDatatype>
<dataTypeSize>30 CHAR</dataTypeSize>
<ownDataTypeParameters>30 CHAR,,</ownDataTypeParameters>
<autoIncrementCycle>false</autoIncrementCycle>
</Column>
<Column name="monto" id="748FBD89-C175-947F-6D97-906985FA4454">
<createdBy>rafae</createdBy>
<createdTime>2024-10-07 09:06:27 UTC</createdTime>
<generatorID>2B474524-4CC6-D6E0-BD65-454C3BFDF581</generatorID>
<ownerDesignName>CAPSTONE_GRUPO4</ownerDesignName>
<useDomainConstraints>false</useDomainConstraints>
<use>1</use>
<logicalDatatype>LOGDT019</logicalDatatype>
<dataTypePrecision>30</dataTypePrecision>
<dataTypeScale>1</dataTypeScale>
<ownDataTypeParameters>,30,1</ownDataTypeParameters>
<autoIncrementCycle>false</autoIncrementCycle>
</Column>
<Column name="Venta_MedioPago_Pago_ID_Pago" id="9CF9AE61-166F-E725-661F-A289185AD7B7">
<createdBy>rafae</createdBy>
<createdTime>2024-10-07 09:06:27 UTC</createdTime>
<generatorID>A03DEE84-4489-B581-F6F9-378109A7C9F6</generatorID>
<ownerDesignName>CAPSTONE_GRUPO4</ownerDesignName>
<useDomainConstraints>false</useDomainConstraints>
<use>1</use>
<logicalDatatype>LOGDT019</logicalDatatype>
<dataTypePrecision>20</dataTypePrecision>
<dataTypeScale>1</dataTypeScale>
<ownDataTypeParameters>,,</ownDataTypeParameters>
<previousColumn>false</previousColumn>
<autoIncrementCycle>false</autoIncrementCycle>
<associations>
<colAssociation fkAssociation="17D5C2BD-125B-788D-26D9-92533CF45AE9" referredColumn="9003EFFD-DF82-49C1-4464-845533D62C98"/>
</associations>
</Column>
</columns>
<indexes itemClass="oracle.dbtools.crest.model.design.relational.Index">
<ind_PK_UK id="E5A92808-D1C6-91BC-529D-A00390762500" name="Factura_PK">
<createdBy>rafae</createdBy>
<createdTime>2024-10-07 09:06:27 UTC</createdTime>
<generatorID>DB7CBBB3-7C48-A723-41FB-D151B6FAB7F9</generatorID>
<ownerDesignName>CAPSTONE_GRUPO4</ownerDesignName>
<pk>true</pk>
<indexState>Primary Constraint</indexState>
<isSurrogateKey>false</isSurrogateKey>
<indexColumnUsage>
<colUsage columnID="0D802370-C295-00F5-3FE6-340295C3EA85"/>
</indexColumnUsage>
</ind_PK_UK>
<ind_PK_UK id="343CDF71-FEB9-C8A7-0C1C-85B5E1CF49EE" name="Factura__IDX">
<createdBy>rafae</createdBy>
<createdTime>2024-10-07 09:06:27 UTC</createdTime>
<ownerDesignName>CAPSTONE_GRUPO4</ownerDesignName>
<indexState>Unique Plain Index</indexState>
<isSurrogateKey>false</isSurrogateKey>
<relationGeneratorID>A97C5D95-FD18-1E16-12D4-1AD67B5336B8</relationGeneratorID>
<indexColumnUsage>
<colUsage columnID="1A693D8A-59A5-7EC1-7CEC-0D7F0524FC1F"/>
<colUsage columnID="9CF9AE61-166F-E725-661F-A289185AD7B7"/>
</indexColumnUsage>
</ind_PK_UK>
<ind_PK_UK id="6D16BD9A-3326-3526-15C8-D33A24A9B8C1" name="Factura_Venta_FK">
<createdBy>rafae</createdBy>
<createdTime>2024-10-07 09:06:27 UTC</createdTime>
<generatorID>A97C5D95-FD18-1E16-12D4-1AD67B5336B8</generatorID>
<ownerDesignName>CAPSTONE_GRUPO4</ownerDesignName>
<indexState>Foreign Key</indexState>
<isSurrogateKey>false</isSurrogateKey>
<indexColumnUsage>
<colUsage columnID="1A693D8A-59A5-7EC1-7CEC-0D7F0524FC1F"/>
<colUsage columnID="9CF9AE61-166F-E725-661F-A289185AD7B7"/>
</indexColumnUsage>
</ind_PK_UK>
</indexes>
</Table>