<?xml version = '1.0' encoding = 'UTF-8'?>
<Table class="oracle.dbtools.crest.model.design.relational.Table" directorySegmentName="seg_0" id="AD3232CA-D8C4-CD4E-3D0C-5B4635F7C1DC" name="Venta">
<createdBy>rafae</createdBy>
<createdTime>2024-09-25 00:34:18 UTC</createdTime>
<generatorID>2E15391D-EA09-119B-D4FF-9CBF437E5B2F</generatorID>
<ownerDesignName>CAPSTONE_GRUPO4</ownerDesignName>
<allowColumnReorder>false</allowColumnReorder>
<existDependencyGenerateInDDl>true</existDependencyGenerateInDDl>
<parsed>true</parsed>
<columns itemClass="oracle.dbtools.crest.model.design.relational.Column">
<Column name="ID_venta" id="20468920-E101-E90A-AD23-8155112B828B">
<createdBy>rafae</createdBy>
<createdTime>2024-09-25 00:34:18 UTC</createdTime>
<generatorID>AA5FAF5F-BF3D-096E-1A99-EB13441B494D</generatorID>
<ownerDesignName>CAPSTONE_GRUPO4</ownerDesignName>
<useDomainConstraints>false</useDomainConstraints>
<use>1</use>
<logicalDatatype>LOGDT011</logicalDatatype>
<ownDataTypeParameters>,,</ownDataTypeParameters>
<autoIncrementCycle>false</autoIncrementCycle>
</Column>
<Column name="TipoVenta" id="E4C707F1-C6C1-2944-843E-42E81E361F3F">
<createdBy>rafae</createdBy>
<createdTime>2024-09-25 00:34:18 UTC</createdTime>
<generatorID>8C39F392-7360-8A9C-7A11-3DA6C99C91CF</generatorID>
<ownerDesignName>CAPSTONE_GRUPO4</ownerDesignName>
<useDomainConstraints>false</useDomainConstraints>
<use>1</use>
<logicalDatatype>LOGDT024</logicalDatatype>
<dataTypeSize>30 CHAR</dataTypeSize>
<ownDataTypeParameters>30 CHAR,,</ownDataTypeParameters>
<autoIncrementCycle>false</autoIncrementCycle>
</Column>
<Column name="Fecha" id="FC8BBF85-50A2-8D54-EFF6-D636A80AB708">
<createdBy>rafae</createdBy>
<createdTime>2024-09-25 00:34:18 UTC</createdTime>
<generatorID>530D1FEC-F07C-1030-AF31-040E8303E54A</generatorID>
<ownerDesignName>CAPSTONE_GRUPO4</ownerDesignName>
<useDomainConstraints>false</useDomainConstraints>
<use>1</use>
<logicalDatatype>LOGDT008</logicalDatatype>
<ownDataTypeParameters>,,</ownDataTypeParameters>
<autoIncrementCycle>false</autoIncrementCycle>
</Column>
<Column name="Comprobante" id="50C486A9-494F-675E-DA0A-E580D4BA7D4D">
<createdBy>rafae</createdBy>
<createdTime>2024-09-25 00:34:18 UTC</createdTime>
<generatorID>5604F02C-30BF-6FFB-7426-C2A18C7F9709</generatorID>
<ownerDesignName>CAPSTONE_GRUPO4</ownerDesignName>
<useDomainConstraints>false</useDomainConstraints>
<use>1</use>
<logicalDatatype>LOGDT024</logicalDatatype>
<dataTypeSize>30 CHAR</dataTypeSize>
<ownDataTypeParameters>30 CHAR,,</ownDataTypeParameters>
<autoIncrementCycle>false</autoIncrementCycle>
</Column>
<Column name="DetalleVenta" id="7858A123-B250-C345-9374-EEBF9A875F3D">
<createdBy>rafae</createdBy>
<createdTime>2024-09-25 00:34:18 UTC</createdTime>
<generatorID>ACF6DFE7-1BFA-BEF2-3B62-5E13A0E2A621</generatorID>
<ownerDesignName>CAPSTONE_GRUPO4</ownerDesignName>
<useDomainConstraints>false</useDomainConstraints>
<use>1</use>
<logicalDatatype>LOGDT024</logicalDatatype>
<dataTypeSize>30 CHAR</dataTypeSize>
<ownDataTypeParameters>30 CHAR,,</ownDataTypeParameters>
<autoIncrementCycle>false</autoIncrementCycle>
</Column>
<Column name="Pago_ID_Pago" id="9B045CC0-BF7C-1FFD-3A5F-EBA499CD0C34">
<createdBy>rafae</createdBy>
<createdTime>2024-09-25 00:34:18 UTC</createdTime>
<generatorID>F9C975CD-56E1-3AD3-5F51-B3F58B7C1290</generatorID>
<ownerDesignName>CAPSTONE_GRUPO4</ownerDesignName>
<use>0</use>
<ownDataTypeParameters>,,</ownDataTypeParameters>
<previousColumn>false</previousColumn>
<autoIncrementCycle>false</autoIncrementCycle>
</Column>
<Column name="Producto_ID_Producto" id="94FCC502-F387-CB12-BED7-5BB3728B2265">
<createdBy>rafae</createdBy>
<createdTime>2024-09-25 00:34:18 UTC</createdTime>
<generatorID>1F09A8A1-E80C-C560-53E2-50F2E851C6F5</generatorID>
<ownerDesignName>CAPSTONE_GRUPO4</ownerDesignName>
<useDomainConstraints>false</useDomainConstraints>
<use>1</use>
<logicalDatatype>LOGDT019</logicalDatatype>
<dataTypePrecision>2</dataTypePrecision>
<dataTypeScale>1</dataTypeScale>
<ownDataTypeParameters>,2,1</ownDataTypeParameters>
<previousColumn>false</previousColumn>
<autoIncrementCycle>false</autoIncrementCycle>
</Column>
<Column name="Factura_ID_factura" id="CD55C2EB-DDA0-9923-22A1-68648F4C27F5">
<createdBy>rafae</createdBy>
<createdTime>2024-10-07 09:06:27 UTC</createdTime>
<generatorID>F046614F-FDF5-2178-8C88-EC9A11A25C92</generatorID>
<ownerDesignName>CAPSTONE_GRUPO4</ownerDesignName>
<useDomainConstraints>false</useDomainConstraints>
<use>1</use>
<logicalDatatype>LOGDT037</logicalDatatype>
<dataTypeSize>30 CHAR</dataTypeSize>
<ownDataTypeParameters>,,</ownDataTypeParameters>
<previousColumn>false</previousColumn>
<autoIncrementCycle>false</autoIncrementCycle>
<associations>
<colAssociation fkAssociation="41C47BC4-B690-EECF-7FF5-7C2B3A72023F" referredColumn="0D802370-C295-00F5-3FE6-340295C3EA85"/>
</associations>
</Column>
<Column name="MedioPago_Pago_ID_Pago" id="9003EFFD-DF82-49C1-4464-845533D62C98">
<createdBy>rafae</createdBy>
<createdTime>2024-10-07 09:06:27 UTC</createdTime>
<generatorID>725DE899-17A3-329E-E309-097CA26B9477</generatorID>
<ownerDesignName>CAPSTONE_GRUPO4</ownerDesignName>
<useDomainConstraints>false</useDomainConstraints>
<use>1</use>
<logicalDatatype>LOGDT019</logicalDatatype>
<dataTypePrecision>20</dataTypePrecision>
<dataTypeScale>1</dataTypeScale>
<ownDataTypeParameters>,,</ownDataTypeParameters>
<previousColumn>false</previousColumn>
<autoIncrementCycle>false</autoIncrementCycle>
<associations>
<colAssociation fkAssociation="09B285F7-B035-F7AE-27F4-16D5C2DBD0FB" referredColumn="A80367B0-A65E-2997-1633-682055C834DE"/>
</associations>
</Column>
<Column name="ID_Pago1" id="DA8A9D5E-2787-CC99-B20C-4A5541AD5547">
<createdBy>rafae</createdBy>
<createdTime>2024-10-07 09:06:27 UTC</createdTime>
<generatorID>BF571D59-BE1F-4B87-FEB4-27D4317E3B14</generatorID>
<ownerDesignName>CAPSTONE_GRUPO4</ownerDesignName>
<useDomainConstraints>false</useDomainConstraints>
<use>1</use>
<logicalDatatype>LOGDT019</logicalDatatype>
<ownDataTypeParameters>,,</ownDataTypeParameters>
<previousColumn>false</previousColumn>
<autoIncrementCycle>false</autoIncrementCycle>
</Column>
</columns>
<indexes itemClass="oracle.dbtools.crest.model.design.relational.Index">
<ind_PK_UK id="8D0E8AF2-CE69-68B3-67FD-802BC785B177" name="Venta_PK">
<createdBy>rafae</createdBy>
<createdTime>2024-09-25 00:34:18 UTC</createdTime>
<generatorID>3E18F98E-9428-6186-2456-EB9AB745BC68</generatorID>
<ownerDesignName>CAPSTONE_GRUPO4</ownerDesignName>
<pk>true</pk>
<indexState>Primary Constraint</indexState>
<isSurrogateKey>false</isSurrogateKey>
<indexColumnUsage>
<colUsage columnID="20468920-E101-E90A-AD23-8155112B828B"/>
<colUsage columnID="9003EFFD-DF82-49C1-4464-845533D62C98"/>
</indexColumnUsage>
</ind_PK_UK>
<ind_PK_UK id="EC207215-9AE5-73B3-62CE-1A3957B74D74" name="Venta__IDX">
<createdBy>rafae</createdBy>
<createdTime>2024-09-25 00:34:18 UTC</createdTime>
<ownerDesignName>CAPSTONE_GRUPO4</ownerDesignName>
<indexState>Unique Plain Index</indexState>
<isSurrogateKey>false</isSurrogateKey>
<relationGeneratorID>E49E54B0-F965-EE4F-4945-F0C2B5B95EF9</relationGeneratorID>
<indexColumnUsage>
<colUsage columnID="94FCC502-F387-CB12-BED7-5BB3728B2265"/>
</indexColumnUsage>
</ind_PK_UK>
<ind_PK_UK id="5AA9752C-0D04-9E89-E133-386B6550E2F4" name="Venta__IDXv1">
<createdBy>rafae</createdBy>
<createdTime>2024-09-25 00:34:18 UTC</createdTime>
<ownerDesignName>CAPSTONE_GRUPO4</ownerDesignName>
<indexState>Unique Plain Index</indexState>
<isSurrogateKey>false</isSurrogateKey>
<relationGeneratorID>54E4EF23-3E58-131F-68C0-C2BF5833B186</relationGeneratorID>
<indexColumnUsage>
<colUsage columnID="9B045CC0-BF7C-1FFD-3A5F-EBA499CD0C34"/>
</indexColumnUsage>
</ind_PK_UK>
<ind_PK_UK id="26BCC098-D442-BC86-1B8D-67FF0B6E0AED" name="Venta__IDX">
<createdBy>rafae</createdBy>
<createdTime>2024-10-07 09:06:27 UTC</createdTime>
<ownerDesignName>CAPSTONE_GRUPO4</ownerDesignName>
<indexState>Unique Plain Index</indexState>
<isSurrogateKey>false</isSurrogateKey>
<relationGeneratorID>A97C5D95-FD18-1E16-12D4-1AD67B5336B8</relationGeneratorID>
<indexColumnUsage>
<colUsage columnID="CD55C2EB-DDA0-9923-22A1-68648F4C27F5"/>
</indexColumnUsage>
</ind_PK_UK>
<ind_PK_UK id="06F7D5BB-9D1C-4B33-470C-41EFBC762343" name="Venta_MedioPago_FK">
<createdBy>rafae</createdBy>
<createdTime>2024-10-07 09:06:27 UTC</createdTime>
<generatorID>643C8E64-BE1F-3126-76DE-4EB74E433490</generatorID>
<ownerDesignName>CAPSTONE_GRUPO4</ownerDesignName>
<indexState>Foreign Key</indexState>
<isSurrogateKey>false</isSurrogateKey>
<indexColumnUsage>
<colUsage columnID="9003EFFD-DF82-49C1-4464-845533D62C98"/>
</indexColumnUsage>
</ind_PK_UK>
<ind_PK_UK id="88811647-72F7-07AB-9D53-676421C41980" name="Venta_Factura_FK">
<createdBy>rafae</createdBy>
<createdTime>2024-10-07 09:06:27 UTC</createdTime>
<generatorID>A97C5D95-FD18-1E16-12D4-1AD67B5336B8</generatorID>
<ownerDesignName>CAPSTONE_GRUPO4</ownerDesignName>
<indexState>Foreign Key</indexState>
<isSurrogateKey>false</isSurrogateKey>
<indexColumnUsage>
<colUsage columnID="CD55C2EB-DDA0-9923-22A1-68648F4C27F5"/>
</indexColumnUsage>
</ind_PK_UK>
</indexes>
</Table>