<?xml version = '1.0' encoding = 'UTF-8'?>
<Table class="oracle.dbtools.crest.model.design.relational.Table" directorySegmentName="seg_0" id="B903BDDA-A8D9-8DC0-7829-2F196001DF7A" name="MedioPago">
<createdBy>rafae</createdBy>
<createdTime>2024-10-07 09:06:27 UTC</createdTime>
<generatorID>92BDE12C-917E-CEC0-146A-7810D29EDA70</generatorID>
<ownerDesignName>CAPSTONE_GRUPO4</ownerDesignName>
<allowColumnReorder>false</allowColumnReorder>
<existDependencyGenerateInDDl>true</existDependencyGenerateInDDl>
<parsed>true</parsed>
<columns itemClass="oracle.dbtools.crest.model.design.relational.Column">
<Column name="Debito" id="C873CEA3-A470-5823-5621-AD8533ACEF9C">
<createdBy>rafae</createdBy>
<createdTime>2024-10-07 09:06:27 UTC</createdTime>
<generatorID>6FD13E99-7A83-E000-FD3D-B650C11AE07E</generatorID>
<ownerDesignName>CAPSTONE_GRUPO4</ownerDesignName>
<useDomainConstraints>false</useDomainConstraints>
<use>1</use>
<logicalDatatype>LOGDT024</logicalDatatype>
<dataTypeSize>30 CHAR</dataTypeSize>
<ownDataTypeParameters>30 CHAR,,</ownDataTypeParameters>
<autoIncrementCycle>false</autoIncrementCycle>
</Column>
<Column name="Credito" id="1D77F7AD-4EAC-DB2A-DA67-36E81685DF4E">
<createdBy>rafae</createdBy>
<createdTime>2024-10-07 09:06:27 UTC</createdTime>
<generatorID>93F65A32-7AA0-B615-25EF-A4090B35EDCA</generatorID>
<ownerDesignName>CAPSTONE_GRUPO4</ownerDesignName>
<useDomainConstraints>false</useDomainConstraints>
<use>1</use>
<logicalDatatype>LOGDT024</logicalDatatype>
<dataTypeSize>30 CHAR</dataTypeSize>
<ownDataTypeParameters>30 CHAR,,</ownDataTypeParameters>
<autoIncrementCycle>false</autoIncrementCycle>
</Column>
<Column name="Transferencia" id="939C608E-8381-A44D-15BD-FF9C334E0CB0">
<createdBy>rafae</createdBy>
<createdTime>2024-10-07 09:06:27 UTC</createdTime>
<generatorID>E2C59E84-7C57-D4C4-47F9-30B6C8A9239C</generatorID>
<ownerDesignName>CAPSTONE_GRUPO4</ownerDesignName>
<useDomainConstraints>false</useDomainConstraints>
<use>1</use>
<logicalDatatype>LOGDT024</logicalDatatype>
<dataTypeSize>30 BYTE</dataTypeSize>
<ownDataTypeParameters>30 BYTE,,</ownDataTypeParameters>
<autoIncrementCycle>false</autoIncrementCycle>
</Column>
<Column name="Pago_ID_Pago" id="A80367B0-A65E-2997-1633-682055C834DE">
<createdBy>rafae</createdBy>
<createdTime>2024-10-07 09:06:27 UTC</createdTime>
<generatorID>32AB55EE-BE67-3EDB-F983-98E1D984D2C3</generatorID>
<ownerDesignName>CAPSTONE_GRUPO4</ownerDesignName>
<useDomainConstraints>false</useDomainConstraints>
<use>1</use>
<logicalDatatype>LOGDT019</logicalDatatype>
<dataTypePrecision>20</dataTypePrecision>
<dataTypeScale>1</dataTypeScale>
<ownDataTypeParameters>,,</ownDataTypeParameters>
<previousColumn>false</previousColumn>
<autoIncrementCycle>false</autoIncrementCycle>
<associations>
<colAssociation fkAssociation="B4025058-B342-8040-13B7-9C791E29DD77" referredColumn="90678FD7-12CE-68A5-6620-4895472F1DDB"/>
</associations>
</Column>
</columns>
<indexes itemClass="oracle.dbtools.crest.model.design.relational.Index">
<ind_PK_UK id="E3C5641A-BEFA-F4AF-17BA-D25EA6593BD5" name="MedioPago_PK">
<createdBy>rafae</createdBy>
<createdTime>2024-10-07 09:06:27 UTC</createdTime>
<generatorID>76E64929-4EB7-D10B-F4B6-0876DE701893</generatorID>
<ownerDesignName>CAPSTONE_GRUPO4</ownerDesignName>
<pk>true</pk>
<indexState>Primary Constraint</indexState>
<isSurrogateKey>false</isSurrogateKey>
<indexColumnUsage>
<colUsage columnID="A80367B0-A65E-2997-1633-682055C834DE"/>
</indexColumnUsage>
</ind_PK_UK>
<ind_PK_UK id="BEED6BA1-8EF7-16BA-B2AB-5C5314705587" name="MedioPago_Pago_FK">
<createdBy>rafae</createdBy>
<createdTime>2024-10-07 09:06:27 UTC</createdTime>
<generatorID>5A79DEB9-0339-E91D-DDC3-4387234AFB80</generatorID>
<ownerDesignName>CAPSTONE_GRUPO4</ownerDesignName>
<indexState>Foreign Key</indexState>
<isSurrogateKey>false</isSurrogateKey>
<indexColumnUsage>
<colUsage columnID="A80367B0-A65E-2997-1633-682055C834DE"/>
</indexColumnUsage>
</ind_PK_UK>
</indexes>
</Table>