<?xml version = '1.0' encoding = 'UTF-8'?>
<Diagram class="oracle.dbtools.crest.swingui.logical.DPVLogical" name="Logical" id="BE1FE64B-4E1C-BEB7-9B44-7B25307DEBA0">
<createdBy>rafae</createdBy>
<modifiedBy>rafae</modifiedBy>
<createdTime>2024-09-25 00:08:23 UTC</createdTime>
<autoRoute>false</autoRoute>
<boxInbox>true</boxInbox>
<showLegend>false</showLegend>
<showLabels>false</showLabels>
<showRelAttributes>false</showRelAttributes>
<gridEnabled>false</gridEnabled>
<showGrid>false</showGrid>
<diagramColor>-1</diagramColor>
<display>false</display>
<notation>1</notation>
<objectViews>
<OView class="oracle.dbtools.crest.swingui.logical.TVEntity" oid="27D334B2-EB34-F62D-4545-D6EA792BFC18" otype="Entity" vid="91C58F7C-8394-578D-495F-BC503E800E9F">
<hideElementsInCurrentOnly>false</hideElementsInCurrentOnly>
<bounds x="425" y="187" width="172" height="96"/>
</OView>
<OView class="oracle.dbtools.crest.swingui.logical.TVEntity" oid="2E15391D-EA09-119B-D4FF-9CBF437E5B2F" otype="Entity" vid="C968C37D-1289-D63B-13BB-DC2BAFC8ED5B">
<hideElementsInCurrentOnly>false</hideElementsInCurrentOnly>
<bounds x="638" y="469" width="170" height="110"/>
</OView>
<OView class="oracle.dbtools.crest.swingui.logical.TVEntity" oid="527FBD7E-139A-A687-1963-45E5600905FE" otype="Entity" vid="FFA74D14-4FC2-2135-5C50-92759FA2C986">
<hideElementsInCurrentOnly>false</hideElementsInCurrentOnly>
<bounds x="169" y="470" width="170" height="110"/>
</OView>
<OView class="oracle.dbtools.crest.swingui.logical.TVEntity" oid="6874FBA4-D633-4963-328C-F870FFABAB0E" otype="Entity" vid="62E3B3B8-7F45-9FEA-E321-577E4B1B28E7">
<hideElementsInCurrentOnly>false</hideElementsInCurrentOnly>
<bounds x="425" y="337" width="170" height="110"/>
</OView>
<OView class="oracle.dbtools.crest.swingui.logical.TVEntity" oid="92BDE12C-917E-CEC0-146A-7810D29EDA70" otype="Entity" vid="2CCBB056-01A4-B1EE-5FDC-80DFA16FD4F2">
<hideElementsInCurrentOnly>false</hideElementsInCurrentOnly>
<bounds x="542" y="633" width="170" height="110"/>
</OView>
<OView class="oracle.dbtools.crest.swingui.logical.TVEntity" oid="9C37BE80-10B8-2338-8CFE-18436EA64F26" otype="Entity" vid="50C8B15C-E350-DF64-C7D3-EC7B5FA675A4">
<hideElementsInCurrentOnly>false</hideElementsInCurrentOnly>
<bounds x="642" y="294" width="170" height="110"/>
</OView>
<OView class="oracle.dbtools.crest.swingui.logical.TVEntity" oid="AA09FC1E-CF4B-B8D4-B76A-5284C73C6AD9" otype="Entity" vid="5E0C8A2E-7EF1-622F-A299-16238E2BC7DC">
<hideElementsInCurrentOnly>false</hideElementsInCurrentOnly>
<bounds x="415" y="473" width="170" height="110"/>
</OView>
<OView class="oracle.dbtools.crest.swingui.logical.TVEntity" oid="BC7435E6-F0EC-1B3B-240C-C8453168CD81" otype="Entity" vid="C9DFA3D1-9B3B-65D5-D4B6-1FF90F12BAD6">
<hideElementsInCurrentOnly>false</hideElementsInCurrentOnly>
<bounds x="165" y="329" width="170" height="110"/>
</OView>
<OView class="oracle.dbtools.crest.swingui.logical.TVEntity" oid="D8929B49-2001-F323-BB70-63D9AA3E72AB" otype="Entity" vid="3D11B0E8-3767-AD88-AE44-C4493C62778C">
<hideElementsInCurrentOnly>false</hideElementsInCurrentOnly>
<bounds x="852" y="390" width="170" height="158"/>
</OView>
<OView class="oracle.dbtools.crest.swingui.logical.TVEntity" oid="FC215BEB-E656-33EE-FABE-D88B5A7061B3" otype="Entity" vid="D119B677-8996-7655-ACD4-6BE02401BCC3">
<hideElementsInCurrentOnly>false</hideElementsInCurrentOnly>
<bounds x="865" y="623" width="170" height="110"/>
</OView>
</objectViews>
<connectors>
<Connector class="oracle.dbtools.crest.swingui.logical.TVRelation" oid="54617B12-054D-7402-0285-9142377937C7" otype="Relation" vid_source="C968C37D-1289-D63B-13BB-DC2BAFC8ED5B" vid_target="3D11B0E8-3767-AD88-AE44-C4493C62778C">
<hideElementsInCurrentOnly>false</hideElementsInCurrentOnly>
<backgroundColor>-16777216</backgroundColor>
<lineWidth>1</lineWidth>
<points>
<point x="808" y="508"/>
<point x="852" y="508"/>
</points>
</Connector>
<Connector class="oracle.dbtools.crest.swingui.logical.TVRelation" oid="54E4EF23-3E58-131F-68C0-C2BF5833B186" otype="Relation" vid_source="5E0C8A2E-7EF1-622F-A299-16238E2BC7DC" vid_target="C968C37D-1289-D63B-13BB-DC2BAFC8ED5B">
<hideElementsInCurrentOnly>false</hideElementsInCurrentOnly>
<backgroundColor>-16777216</backgroundColor>
<lineWidth>1</lineWidth>
<points>
<point x="585" y="526"/>
<point x="638" y="526"/>
</points>
</Connector>
<Connector class="oracle.dbtools.crest.swingui.logical.TVRelation" oid="5A79DEB9-0339-E91D-DDC3-4387234AFB80" otype="Relation" vid_source="5E0C8A2E-7EF1-622F-A299-16238E2BC7DC" vid_target="2CCBB056-01A4-B1EE-5FDC-80DFA16FD4F2">
<hideElementsInCurrentOnly>false</hideElementsInCurrentOnly>
<backgroundColor>-16777216</backgroundColor>
<lineWidth>1</lineWidth>
<points>
<point x="563" y="583"/>
<point x="563" y="633"/>
</points>
</Connector>
<Connector class="oracle.dbtools.crest.swingui.logical.TVRelation" oid="643C8E64-BE1F-3126-76DE-4EB74E433490" otype="Relation" vid_source="2CCBB056-01A4-B1EE-5FDC-80DFA16FD4F2" vid_target="C968C37D-1289-D63B-13BB-DC2BAFC8ED5B">
<hideElementsInCurrentOnly>false</hideElementsInCurrentOnly>
<backgroundColor>-16777216</backgroundColor>
<lineWidth>1</lineWidth>
<points>
<point x="675" y="633"/>
<point x="675" y="579"/>
</points>
</Connector>
<Connector class="oracle.dbtools.crest.swingui.logical.TVRelation" oid="6972FC94-6C8F-1F6C-3B8C-DDA386CA15BD" otype="Relation" vid_source="FFA74D14-4FC2-2135-5C50-92759FA2C986" vid_target="5E0C8A2E-7EF1-622F-A299-16238E2BC7DC">
<hideElementsInCurrentOnly>false</hideElementsInCurrentOnly>
<backgroundColor>-16777216</backgroundColor>
<lineWidth>1</lineWidth>
<points>
<point x="339" y="526"/>
<point x="415" y="526"/>
</points>
</Connector>
<Connector class="oracle.dbtools.crest.swingui.logical.TVRelation" oid="6FB2C983-2858-A306-88DE-684305EE5E0A" otype="Relation" vid_source="91C58F7C-8394-578D-495F-BC503E800E9F" vid_target="50C8B15C-E350-DF64-C7D3-EC7B5FA675A4">
<hideElementsInCurrentOnly>false</hideElementsInCurrentOnly>
<backgroundColor>-16777216</backgroundColor>
<lineWidth>1</lineWidth>
<points>
<point x="597" y="280"/>
<point x="642" y="304"/>
</points>
</Connector>
<Connector class="oracle.dbtools.crest.swingui.logical.TVRelation" oid="A97C5D95-FD18-1E16-12D4-1AD67B5336B8" otype="Relation" vid_source="C968C37D-1289-D63B-13BB-DC2BAFC8ED5B" vid_target="D119B677-8996-7655-ACD4-6BE02401BCC3">
<hideElementsInCurrentOnly>false</hideElementsInCurrentOnly>
<backgroundColor>-16777216</backgroundColor>
<lineWidth>1</lineWidth>
<points>
<point x="804" y="579"/>
<point x="868" y="623"/>
</points>
</Connector>
<Connector class="oracle.dbtools.crest.swingui.logical.TVRelation" oid="BC723BD1-D880-B080-4914-4377A5DC02AB" otype="Relation" vid_source="62E3B3B8-7F45-9FEA-E321-577E4B1B28E7" vid_target="91C58F7C-8394-578D-495F-BC503E800E9F">
<hideElementsInCurrentOnly>false</hideElementsInCurrentOnly>
<backgroundColor>-16777216</backgroundColor>
<lineWidth>1</lineWidth>
<points>
<point x="510" y="337"/>
<point x="510" y="283"/>
</points>
</Connector>
<Connector class="oracle.dbtools.crest.swingui.logical.TVRelation" oid="BCAED832-11FA-E366-91AD-C42DC64761EC" otype="Relation" vid_source="C9DFA3D1-9B3B-65D5-D4B6-1FF90F12BAD6" vid_target="FFA74D14-4FC2-2135-5C50-92759FA2C986">
<hideElementsInCurrentOnly>false</hideElementsInCurrentOnly>
<backgroundColor>-16777216</backgroundColor>
<lineWidth>1</lineWidth>
<points>
<point x="252" y="439"/>
<point x="252" y="470"/>
</points>
</Connector>
<Connector class="oracle.dbtools.crest.swingui.logical.TVRelation" oid="D9CEFB51-56BD-4006-31A9-D7DBD00E00FA" otype="Relation" vid_source="50C8B15C-E350-DF64-C7D3-EC7B5FA675A4" vid_target="3D11B0E8-3767-AD88-AE44-C4493C62778C">
<hideElementsInCurrentOnly>false</hideElementsInCurrentOnly>
<backgroundColor>-16777216</backgroundColor>
<lineWidth>1</lineWidth>
<points>
<point x="812" y="397"/>
<point x="852" y="397"/>
</points>
</Connector>
<Connector class="oracle.dbtools.crest.swingui.logical.TVRelation" oid="E49E54B0-F965-EE4F-4945-F0C2B5B95EF9" otype="Relation" vid_source="50C8B15C-E350-DF64-C7D3-EC7B5FA675A4" vid_target="C968C37D-1289-D63B-13BB-DC2BAFC8ED5B">
<hideElementsInCurrentOnly>false</hideElementsInCurrentOnly>
<backgroundColor>-16777216</backgroundColor>
<lineWidth>1</lineWidth>
<points>
<point x="740" y="404"/>
<point x="740" y="469"/>
</points>
</Connector>
<Connector class="oracle.dbtools.crest.swingui.logical.TVRelation" oid="FE615426-2A2B-BABE-6589-A7996C493CEA" otype="Relation" vid_source="62E3B3B8-7F45-9FEA-E321-577E4B1B28E7" vid_target="C9DFA3D1-9B3B-65D5-D4B6-1FF90F12BAD6">
<hideElementsInCurrentOnly>false</hideElementsInCurrentOnly>
<backgroundColor>-16777216</backgroundColor>
<lineWidth>1</lineWidth>
<points>
<point x="425" y="403"/>
<point x="335" y="403"/>
</points>
</Connector>
</connectors>
</Diagram>