<?xml version = '1.0' encoding = 'UTF-8'?>
<Diagram class="oracle.dbtools.crest.swingui.relational.DPVRelational" name="Relational_1" id="E1E1A18F-0577-B84A-45E8-4136148F3031">
<createdBy>rafae</createdBy>
<modifiedBy>rafae</modifiedBy>
<createdTime>2024-09-25 00:34:18 UTC</createdTime>
<autoRoute>false</autoRoute>
<boxInbox>true</boxInbox>
<showLegend>false</showLegend>
<showLabels>false</showLabels>
<showRelAttributes>false</showRelAttributes>
<gridEnabled>false</gridEnabled>
<showGrid>false</showGrid>
<diagramColor>-1</diagramColor>
<display>false</display>
<notation>1</notation>
<objectViews>
<OView class="oracle.dbtools.crest.swingui.relational.TVTable" oid="0ABE4379-4C69-32CE-D420-EB85E2622D4F" otype="Table" vid="E831CAA3-51B4-A911-5913-7A666AF39316">
<hideElementsInCurrentOnly>false</hideElementsInCurrentOnly>
<bounds x="790" y="152" width="289" height="204"/>
</OView>
<OView class="oracle.dbtools.crest.swingui.relational.TVTable" oid="245FDA22-1E19-6A32-D438-71BA1F4334FE" otype="Table" vid="D667D0AD-10A9-B4B6-C7D1-6301697C6546">
<hideElementsInCurrentOnly>false</hideElementsInCurrentOnly>
<bounds x="1060" y="463" width="492" height="247"/>
</OView>
<OView class="oracle.dbtools.crest.swingui.relational.TVTable" oid="41F31129-FDCB-9C1E-2609-65B20F50397A" otype="Table" vid="88D970B4-208B-F9E6-26E2-F8FB1018A60E">
<hideElementsInCurrentOnly>false</hideElementsInCurrentOnly>
<bounds x="20" y="342" width="217" height="125"/>
</OView>
<OView class="oracle.dbtools.crest.swingui.relational.TVTable" oid="499E56E4-FE73-90CF-BF9B-F1BC5DD86F31" otype="Table" vid="D4EA06D3-8DFE-76D7-1B2F-E6B42ED84C46">
<hideElementsInCurrentOnly>false</hideElementsInCurrentOnly>
<bounds x="876" y="811" width="382" height="199"/>
</OView>
<OView class="oracle.dbtools.crest.swingui.relational.TVTable" oid="83661C62-5E4D-8D4A-6837-EB08AC639CD2" otype="Table" vid="9D870A16-2A6A-CEB9-790C-6383E51A3613">
<hideElementsInCurrentOnly>false</hideElementsInCurrentOnly>
<bounds x="457" y="78" width="220" height="133"/>
</OView>
<OView class="oracle.dbtools.crest.swingui.relational.TVTable" oid="8B1F64AB-0D47-0EA8-2B10-A1BDBE4C6192" otype="Table" vid="FF7AE10F-7038-EE0A-1267-3A56910AFEE1">
<hideElementsInCurrentOnly>false</hideElementsInCurrentOnly>
<bounds x="294" y="463" width="357" height="211"/>
</OView>
<OView class="oracle.dbtools.crest.swingui.relational.TVTable" oid="AD3232CA-D8C4-CD4E-3D0C-5B4635F7C1DC" otype="Table" vid="597C17A9-6181-CD5E-BBC8-3395A2D7C9EE">
<hideElementsInCurrentOnly>false</hideElementsInCurrentOnly>
<bounds x="702" y="438" width="294" height="279"/>
</OView>
<OView class="oracle.dbtools.crest.swingui.relational.TVTable" oid="B903BDDA-A8D9-8DC0-7829-2F196001DF7A" otype="Table" vid="5B47A7AB-6508-C381-2BEE-B17247E06EC5">
<hideElementsInCurrentOnly>false</hideElementsInCurrentOnly>
<bounds x="576" y="771" width="231" height="129"/>
</OView>
<OView class="oracle.dbtools.crest.swingui.relational.TVTable" oid="E1E221C9-9A05-5E2A-9339-F58742246970" otype="Table" vid="8657273B-94AD-431F-8239-F2CA30CB1E11">
<hideElementsInCurrentOnly>false</hideElementsInCurrentOnly>
<bounds x="0" y="594" width="254" height="201"/>
</OView>
<OView class="oracle.dbtools.crest.swingui.relational.TVTable" oid="EFD58C23-D6A8-EB21-A407-08FB2A850931" otype="Table" vid="5FFCF6C3-4586-4191-972F-AEBABDCC52D3">
<hideElementsInCurrentOnly>false</hideElementsInCurrentOnly>
<bounds x="317" y="259" width="283" height="176"/>
</OView>
</objectViews>
<connectors>
<Connector class="oracle.dbtools.crest.swingui.relational.TVFKRelation" oid="09B285F7-B035-F7AE-27F4-16D5C2DBD0FB" otype="FKIndexAssociation" vid_source="5B47A7AB-6508-C381-2BEE-B17247E06EC5" vid_target="597C17A9-6181-CD5E-BBC8-3395A2D7C9EE">
<hideElementsInCurrentOnly>false</hideElementsInCurrentOnly>
<backgroundColor>-16777216</backgroundColor>
<lineWidth>1</lineWidth>
<points>
<point x="754" y="771"/>
<point x="754" y="717"/>
</points>
</Connector>
<Connector class="oracle.dbtools.crest.swingui.relational.TVFKRelation" oid="17D5C2BD-125B-788D-26D9-92533CF45AE9" otype="FKIndexAssociation" vid_source="597C17A9-6181-CD5E-BBC8-3395A2D7C9EE" vid_target="D4EA06D3-8DFE-76D7-1B2F-E6B42ED84C46">
<hideElementsInCurrentOnly>false</hideElementsInCurrentOnly>
<backgroundColor>-16777216</backgroundColor>
<lineWidth>1</lineWidth>
<points>
<point x="936" y="717"/>
<point x="936" y="811"/>
</points>
</Connector>
<Connector class="oracle.dbtools.crest.swingui.relational.TVFKRelation" oid="1A71B699-921B-F947-5393-B60612226D35" otype="FKIndexAssociation" vid_source="597C17A9-6181-CD5E-BBC8-3395A2D7C9EE" vid_target="D667D0AD-10A9-B4B6-C7D1-6301697C6546">
<hideElementsInCurrentOnly>false</hideElementsInCurrentOnly>
<backgroundColor>-16777216</backgroundColor>
<lineWidth>1</lineWidth>
<points>
<point x="996" y="586"/>
<point x="1060" y="586"/>
</points>
</Connector>
<Connector class="oracle.dbtools.crest.swingui.relational.TVFKRelation" oid="41C47BC4-B690-EECF-7FF5-7C2B3A72023F" otype="FKIndexAssociation" vid_source="D4EA06D3-8DFE-76D7-1B2F-E6B42ED84C46" vid_target="597C17A9-6181-CD5E-BBC8-3395A2D7C9EE">
<hideElementsInCurrentOnly>false</hideElementsInCurrentOnly>
<backgroundColor>-16777216</backgroundColor>
<lineWidth>1</lineWidth>
<points>
<point x="951" y="811"/>
<point x="951" y="717"/>
</points>
</Connector>
<Connector class="oracle.dbtools.crest.swingui.relational.TVFKRelation" oid="56AD7C02-04DD-ACD7-CCAF-586511E2BE19" otype="FKIndexAssociation" vid_source="E831CAA3-51B4-A911-5913-7A666AF39316" vid_target="D667D0AD-10A9-B4B6-C7D1-6301697C6546">
<hideElementsInCurrentOnly>false</hideElementsInCurrentOnly>
<backgroundColor>-16777216</backgroundColor>
<lineWidth>1</lineWidth>
<points>
<point x="1069" y="356"/>
<point x="1069" y="463"/>
</points>
</Connector>
<Connector class="oracle.dbtools.crest.swingui.relational.TVFKRelation" oid="57BDD8DB-C15A-CED6-9ED5-84AA841B7687" otype="FKIndexAssociation" vid_source="9D870A16-2A6A-CEB9-790C-6383E51A3613" vid_target="E831CAA3-51B4-A911-5913-7A666AF39316">
<hideElementsInCurrentOnly>false</hideElementsInCurrentOnly>
<backgroundColor>-16777216</backgroundColor>
<lineWidth>1</lineWidth>
<points>
<point x="677" y="181"/>
<point x="790" y="181"/>
</points>
</Connector>
<Connector class="oracle.dbtools.crest.swingui.relational.TVFKRelation" oid="B11E18CA-C09E-864D-EFF5-FE4794296F0C" otype="FKIndexAssociation" vid_source="5FFCF6C3-4586-4191-972F-AEBABDCC52D3" vid_target="88D970B4-208B-F9E6-26E2-F8FB1018A60E">
<hideElementsInCurrentOnly>false</hideElementsInCurrentOnly>
<backgroundColor>-16777216</backgroundColor>
<lineWidth>1</lineWidth>
<points>
<point x="317" y="388"/>
<point x="237" y="388"/>
</points>
</Connector>
<Connector class="oracle.dbtools.crest.swingui.relational.TVFKRelation" oid="B4025058-B342-8040-13B7-9C791E29DD77" otype="FKIndexAssociation" vid_source="FF7AE10F-7038-EE0A-1267-3A56910AFEE1" vid_target="5B47A7AB-6508-C381-2BEE-B17247E06EC5">
<hideElementsInCurrentOnly>false</hideElementsInCurrentOnly>
<backgroundColor>-16777216</backgroundColor>
<lineWidth>1</lineWidth>
<points>
<point x="613" y="674"/>
<point x="613" y="771"/>
</points>
</Connector>
<Connector class="oracle.dbtools.crest.swingui.relational.TVFKRelation" oid="E5BA67DF-C5A0-DD55-A7E3-83BCB3C4D884" otype="FKIndexAssociation" vid_source="88D970B4-208B-F9E6-26E2-F8FB1018A60E" vid_target="8657273B-94AD-431F-8239-F2CA30CB1E11">
<hideElementsInCurrentOnly>false</hideElementsInCurrentOnly>
<backgroundColor>-16777216</backgroundColor>
<lineWidth>1</lineWidth>
<points>
<point x="128" y="467"/>
<point x="128" y="594"/>
</points>
</Connector>
</connectors>
</Diagram>