<?xml version = '1.0' encoding = 'UTF-8'?>
<FKIndexAssociation class="oracle.dbtools.crest.model.design.relational.FKIndexAssociation" directorySegmentName="seg_0" id="17D5C2BD-125B-788D-26D9-92533CF45AE9" containerWithKeyObject="499E56E4-FE73-90CF-BF9B-F1BC5DD86F31" localFKIndex="6D16BD9A-3326-3526-15C8-D33A24A9B8C1" name="Factura_Venta_FK">
<createdBy>rafae</createdBy>
<createdTime>2024-10-07 09:06:27 UTC</createdTime>
<generatorID>A97C5D95-FD18-1E16-12D4-1AD67B5336B8</generatorID>
<ownerDesignName>CAPSTONE_GRUPO4</ownerDesignName>
<referredTableLongName>Venta</referredTableLongName>
<deleteRule>NO ACTION</deleteRule>
<referredTableID>AD3232CA-D8C4-CD4E-3D0C-5B4635F7C1DC</referredTableID>
<keyObject>8D0E8AF2-CE69-68B3-67FD-802BC785B177</keyObject>
<referredKeyID>8D0E8AF2-CE69-68B3-67FD-802BC785B177</referredKeyID>
<mandatory>true</mandatory>
<refColNames>ID_venta,MedioPago_Pago_ID_Pago</refColNames>
<transferable>true</transferable>
<rely>false</rely>
<columnDependencyConstraintGenerateInDDL>true</columnDependencyConstraintGenerateInDDL>
</FKIndexAssociation>