<?xml version = '1.0' encoding = 'UTF-8'?>
<FKIndexAssociation class="oracle.dbtools.crest.model.design.relational.FKIndexAssociation" directorySegmentName="seg_0" id="1A71B699-921B-F947-5393-B60612226D35" containerWithKeyObject="245FDA22-1E19-6A32-D438-71BA1F4334FE" localFKIndex="0E129310-AE56-49A2-E38C-76CFDC75ACD4" name="DetalleVenta_Venta_FK">
<createdBy>rafae</createdBy>
<createdTime>2024-10-07 09:06:27 UTC</createdTime>
<generatorID>54617B12-054D-7402-0285-9142377937C7</generatorID>
<ownerDesignName>CAPSTONE_GRUPO4</ownerDesignName>
<referredTableLongName>Venta</referredTableLongName>
<deleteRule>NO ACTION</deleteRule>
<referredTableID>AD3232CA-D8C4-CD4E-3D0C-5B4635F7C1DC</referredTableID>
<keyObject>8D0E8AF2-CE69-68B3-67FD-802BC785B177</keyObject>
<referredKeyID>8D0E8AF2-CE69-68B3-67FD-802BC785B177</referredKeyID>
<mandatory>true</mandatory>
<refColNames>ID_venta,MedioPago_Pago_ID_Pago</refColNames>
<transferable>true</transferable>
<rely>false</rely>
<columnDependencyConstraintGenerateInDDL>true</columnDependencyConstraintGenerateInDDL>
</FKIndexAssociation>