<?xml version = '1.0' encoding = 'UTF-8'?>
<FKIndexAssociation class="oracle.dbtools.crest.model.design.relational.FKIndexAssociation" directorySegmentName="seg_0" id="56AD7C02-04DD-ACD7-CCAF-586511E2BE19" containerWithKeyObject="245FDA22-1E19-6A32-D438-71BA1F4334FE" localFKIndex="1561A49D-5226-4905-A70B-462EBA58DF27" name="DetalleVenta_Producto_FK">
<createdBy>rafae</createdBy>
<createdTime>2024-10-07 09:06:27 UTC</createdTime>
<generatorID>D9CEFB51-56BD-4006-31A9-D7DBD00E00FA</generatorID>
<ownerDesignName>CAPSTONE_GRUPO4</ownerDesignName>
<referredTableLongName>Producto</referredTableLongName>
<deleteRule>NO ACTION</deleteRule>
<referredTableID>0ABE4379-4C69-32CE-D420-EB85E2622D4F</referredTableID>
<keyObject>720ABEE3-9835-CE07-A314-25026598B015</keyObject>
<referredKeyID>720ABEE3-9835-CE07-A314-25026598B015</referredKeyID>
<mandatory>true</mandatory>
<refColNames>ID_Producto</refColNames>
<transferable>true</transferable>
<rely>false</rely>
<columnDependencyConstraintGenerateInDDL>true</columnDependencyConstraintGenerateInDDL>
</FKIndexAssociation>