<?xml version = '1.0' encoding = 'UTF-8'?>
<FKIndexAssociation class="oracle.dbtools.crest.model.design.relational.FKIndexAssociation" directorySegmentName="seg_0" id="57BDD8DB-C15A-CED6-9ED5-84AA841B7687" containerWithKeyObject="0ABE4379-4C69-32CE-D420-EB85E2622D4F" localFKIndex="FA6C3D79-05FC-F6F9-8195-5E5468FBA043" name="Producto_Administrador_FK">
<createdBy>rafae</createdBy>
<createdTime>2024-09-25 00:34:18 UTC</createdTime>
<generatorID>6FB2C983-2858-A306-88DE-684305EE5E0A</generatorID>
<ownerDesignName>CAPSTONE_GRUPO4</ownerDesignName>
<referredTableLongName>Administrador</referredTableLongName>
<deleteRule>NO ACTION</deleteRule>
<referredTableID>83661C62-5E4D-8D4A-6837-EB08AC639CD2</referredTableID>
<keyObject>3C9F73F1-D9A2-9638-E343-D94E9CE91F26</keyObject>
<referredKeyID>3C9F73F1-D9A2-9638-E343-D94E9CE91F26</referredKeyID>
<mandatory>true</mandatory>
<refColNames>ID_Admin</refColNames>
<transferable>true</transferable>
<rely>false</rely>
<columnDependencyConstraintGenerateInDDL>true</columnDependencyConstraintGenerateInDDL>
</FKIndexAssociation>