<?xml version = '1.0' encoding = 'UTF-8'?>
<FKIndexAssociation class="oracle.dbtools.crest.model.design.relational.FKIndexAssociation" directorySegmentName="seg_0" id="B11E18CA-C09E-864D-EFF5-FE4794296F0C" containerWithKeyObject="41F31129-FDCB-9C1E-2609-65B20F50397A" localFKIndex="E2F017EE-11F4-F842-94E6-BF39A57FBAB6" name="Cliente_Usuario_FK">
<createdBy>rafae</createdBy>
<createdTime>2024-09-25 00:34:18 UTC</createdTime>
<generatorID>FE615426-2A2B-BABE-6589-A7996C493CEA</generatorID>
<ownerDesignName>CAPSTONE_GRUPO4</ownerDesignName>
<referredTableLongName>Usuario</referredTableLongName>
<deleteRule>NO ACTION</deleteRule>
<referredTableID>EFD58C23-D6A8-EB21-A407-08FB2A850931</referredTableID>
<keyObject>D684F9A4-8987-8C35-5A22-8F16ED41C63D</keyObject>
<referredKeyID>D684F9A4-8987-8C35-5A22-8F16ED41C63D</referredKeyID>
<mandatory>true</mandatory>
<refColNames>ID</refColNames>
<transferable>true</transferable>
<rely>false</rely>
<columnDependencyConstraintGenerateInDDL>true</columnDependencyConstraintGenerateInDDL>
</FKIndexAssociation>