<?xml version = '1.0' encoding = 'UTF-8'?>
<FKIndexAssociation class="oracle.dbtools.crest.model.design.relational.FKIndexAssociation" directorySegmentName="seg_0" id="B4025058-B342-8040-13B7-9C791E29DD77" containerWithKeyObject="B903BDDA-A8D9-8DC0-7829-2F196001DF7A" localFKIndex="BEED6BA1-8EF7-16BA-B2AB-5C5314705587" name="MedioPago_Pago_FK">
<createdBy>rafae</createdBy>
<createdTime>2024-10-07 09:06:27 UTC</createdTime>
<generatorID>5A79DEB9-0339-E91D-DDC3-4387234AFB80</generatorID>
<ownerDesignName>CAPSTONE_GRUPO4</ownerDesignName>
<referredTableLongName>Pago</referredTableLongName>
<deleteRule>NO ACTION</deleteRule>
<referredTableID>8B1F64AB-0D47-0EA8-2B10-A1BDBE4C6192</referredTableID>
<keyObject>E73DE901-65B1-B2C0-ACC2-9016EA7E2ECD</keyObject>
<referredKeyID>E73DE901-65B1-B2C0-ACC2-9016EA7E2ECD</referredKeyID>
<mandatory>true</mandatory>
<refColNames>ID_Pago</refColNames>
<transferable>true</transferable>
<rely>false</rely>
<columnDependencyConstraintGenerateInDDL>true</columnDependencyConstraintGenerateInDDL>
</FKIndexAssociation>