<?xml version = '1.0' encoding = 'UTF-8'?>
<FKIndexAssociation class="oracle.dbtools.crest.model.design.relational.FKIndexAssociation" directorySegmentName="seg_0" id="E5BA67DF-C5A0-DD55-A7E3-83BCB3C4D884" containerWithKeyObject="E1E221C9-9A05-5E2A-9339-F58742246970" localFKIndex="053EFC26-AB3D-DABE-38D2-B1D05044A86C" name="Compra_Cliente_FK">
<createdBy>rafae</createdBy>
<createdTime>2024-09-25 00:34:18 UTC</createdTime>
<generatorID>BCAED832-11FA-E366-91AD-C42DC64761EC</generatorID>
<ownerDesignName>CAPSTONE_GRUPO4</ownerDesignName>
<referredTableLongName>Cliente</referredTableLongName>
<deleteRule>NO ACTION</deleteRule>
<referredTableID>41F31129-FDCB-9C1E-2609-65B20F50397A</referredTableID>
<keyObject>6B57FAAC-8429-786E-CFA0-F62A310257F1</keyObject>
<referredKeyID>6B57FAAC-8429-786E-CFA0-F62A310257F1</referredKeyID>
<mandatory>true</mandatory>
<refColNames>ID_Cliente</refColNames>
<transferable>true</transferable>
<rely>false</rely>
<columnDependencyConstraintGenerateInDDL>true</columnDependencyConstraintGenerateInDDL>
</FKIndexAssociation>