<?xml version = '1.0' encoding = 'UTF-8'?>
<Entity class="oracle.dbtools.crest.model.design.logical.Entity" directorySegmentName="seg_0" id="6874FBA4-D633-4963-328C-F870FFABAB0E" name="Usuario">
<createdBy>rafae</createdBy>
<createdTime>2024-09-25 00:10:00 UTC</createdTime>
<ownerDesignName>CAPSTONE_GRUPO4</ownerDesignName>
<engineerTo>
<item key="260470E0-AAC4-AE6C-BBBE-995C5B08C33D" value="true"/>
</engineerTo>
<adequatelyNormalized>NO</adequatelyNormalized>
<expectedVolumes>0</expectedVolumes>
<fwdEngineeringStrategyName>Single Table</fwdEngineeringStrategyName>
<growthPercent>0</growthPercent>
<growthType>Year</growthType>
<maxVolumes>9999999</maxVolumes>
<minVolumes>0</minVolumes>
<normalForm>Third</normalForm>
<shortName>User</shortName>
<attributes itemClass="oracle.dbtools.crest.model.design.logical.Attribute">
<Attribute name="ID" id="16726849-82A3-4455-AB9C-1A10475BF557">
<createdBy>rafae</createdBy>
<createdTime>2024-09-25 00:10:12 UTC</createdTime>
<ownerDesignName>CAPSTONE_GRUPO4</ownerDesignName>
<engineerTo>
<item key="260470E0-AAC4-AE6C-BBBE-995C5B08C33D" value="true"/>
</engineerTo>
<useDomainConstraints>false</useDomainConstraints>
<use>1</use>
<logicalDatatype>LOGDT037</logicalDatatype>
<dataTypeSize>30 CHAR</dataTypeSize>
<ownDataTypeParameters>30 CHAR,,</ownDataTypeParameters>
</Attribute>
<Attribute name="Nombre" id="0767C1E4-8A07-DC31-E8A4-DEF62F4E3A69">
<createdBy>rafae</createdBy>
<createdTime>2024-09-25 00:10:28 UTC</createdTime>
<ownerDesignName>CAPSTONE_GRUPO4</ownerDesignName>
<engineerTo>
<item key="260470E0-AAC4-AE6C-BBBE-995C5B08C33D" value="true"/>
</engineerTo>
<useDomainConstraints>false</useDomainConstraints>
<use>1</use>
<logicalDatatype>LOGDT024</logicalDatatype>
<dataTypeSize>30 CHAR</dataTypeSize>
<ownDataTypeParameters>30 CHAR,,</ownDataTypeParameters>
</Attribute>
<Attribute name="Apellido" id="7397F618-5CEC-251E-8B7F-E9A1E63DAB54">
<createdBy>rafae</createdBy>
<createdTime>2024-09-25 00:10:53 UTC</createdTime>
<ownerDesignName>CAPSTONE_GRUPO4</ownerDesignName>
<engineerTo>
<item key="260470E0-AAC4-AE6C-BBBE-995C5B08C33D" value="true"/>
</engineerTo>
<useDomainConstraints>false</useDomainConstraints>
<use>1</use>
<logicalDatatype>LOGDT024</logicalDatatype>
<dataTypeSize>30 CHAR</dataTypeSize>
<ownDataTypeParameters>30 CHAR,,</ownDataTypeParameters>
</Attribute>
<Attribute name="TipoUsuario" id="2FF98957-7473-3657-C909-2570309DA319">
<createdBy>rafae</createdBy>
<createdTime>2024-09-25 00:13:36 UTC</createdTime>
<ownerDesignName>CAPSTONE_GRUPO4</ownerDesignName>
<engineerTo>
<item key="260470E0-AAC4-AE6C-BBBE-995C5B08C33D" value="true"/>
</engineerTo>
<nullsAllowed>true</nullsAllowed>
<useDomainConstraints>false</useDomainConstraints>
<use>1</use>
<logicalDatatype>LOGDT024</logicalDatatype>
<dataTypeSize>30 CHAR</dataTypeSize>
<ownDataTypeParameters>30 CHAR,,</ownDataTypeParameters>
</Attribute>
<Attribute name="ID_Admin" id="3400FF62-10AD-88AE-C994-3F84136FFBF6">
<createdBy>rafae</createdBy>
<createdTime>2024-10-07 09:04:56 UTC</createdTime>
<generatorID>BC723BD1-D880-B080-4914-4377A5DC02AB</generatorID>
<ownerDesignName>CAPSTONE_GRUPO4</ownerDesignName>
<engineerTo>
<item key="260470E0-AAC4-AE6C-BBBE-995C5B08C33D" value="true"/>
</engineerTo>
<referedAttribute>4C2A29D7-72C4-9B94-4C3F-316C00558CE8</referedAttribute>
<use>1</use>
<logicalDatatype>LOGDT037</logicalDatatype>
<dataTypeSize>30 CHAR</dataTypeSize>
<ownDataTypeParameters>,,</ownDataTypeParameters>
</Attribute>
</attributes>
<identifiers itemClass="oracle.dbtools.crest.model.design.logical.CandidateKey">
<identifier id="5C9186B1-A7E5-A633-C583-0BC70621353E" name="Usuario PK">
<createdBy>rafae</createdBy>
<createdTime>2024-09-25 00:10:23 UTC</createdTime>
<ownerDesignName>CAPSTONE_GRUPO4</ownerDesignName>
<shouldEngineer>false</shouldEngineer>
<engineerTo>
<item key="260470E0-AAC4-AE6C-BBBE-995C5B08C33D" value="false"/>
</engineerTo>
<pk>true</pk>
<usedAttributes>
<attributeRef>16726849-82A3-4455-AB9C-1A10475BF557</attributeRef>
</usedAttributes>
</identifier>
</identifiers>
</Entity>