<?xml version = '1.0' encoding = 'UTF-8'?>
<Entity class="oracle.dbtools.crest.model.design.logical.Entity" directorySegmentName="seg_0" id="AA09FC1E-CF4B-B8D4-B76A-5284C73C6AD9" name="Pago">
<createdBy>rafae</createdBy>
<createdTime>2024-09-25 00:21:14 UTC</createdTime>
<ownerDesignName>CAPSTONE_GRUPO4</ownerDesignName>
<engineerTo>
<item key="260470E0-AAC4-AE6C-BBBE-995C5B08C33D" value="true"/>
</engineerTo>
<adequatelyNormalized>NO</adequatelyNormalized>
<expectedVolumes>0</expectedVolumes>
<fwdEngineeringStrategyName>Single Table</fwdEngineeringStrategyName>
<growthPercent>0</growthPercent>
<growthType>Year</growthType>
<maxVolumes>9999999</maxVolumes>
<minVolumes>0</minVolumes>
<normalForm>Third</normalForm>
<attributes itemClass="oracle.dbtools.crest.model.design.logical.Attribute">
<Attribute name="ID_Pago" id="04547C6F-B90C-C8CC-D759-E4D9CD2C78BB">
<createdBy>rafae</createdBy>
<createdTime>2024-09-25 00:21:20 UTC</createdTime>
<ownerDesignName>CAPSTONE_GRUPO4</ownerDesignName>
<engineerTo>
<item key="260470E0-AAC4-AE6C-BBBE-995C5B08C33D" value="true"/>
</engineerTo>
<useDomainConstraints>false</useDomainConstraints>
<use>1</use>
<logicalDatatype>LOGDT019</logicalDatatype>
<dataTypePrecision>20</dataTypePrecision>
<dataTypeScale>1</dataTypeScale>
<ownDataTypeParameters>,20,1</ownDataTypeParameters>
</Attribute>
<Attribute name="TipoPago" id="1946286D-2501-525D-71FA-213A25045ACF">
<createdBy>rafae</createdBy>
<createdTime>2024-09-25 00:21:27 UTC</createdTime>
<ownerDesignName>CAPSTONE_GRUPO4</ownerDesignName>
<engineerTo>
<item key="260470E0-AAC4-AE6C-BBBE-995C5B08C33D" value="true"/>
</engineerTo>
<useDomainConstraints>false</useDomainConstraints>
<use>1</use>
<logicalDatatype>LOGDT037</logicalDatatype>
<dataTypeSize>30 CHAR</dataTypeSize>
<ownDataTypeParameters>30 CHAR,,</ownDataTypeParameters>
</Attribute>
<Attribute name="ID_venta" id="6664834A-DEBD-C121-F2D0-E35D481172F9">
<createdBy>rafae</createdBy>
<createdTime>2024-09-25 00:32:40 UTC</createdTime>
<generatorID>54E4EF23-3E58-131F-68C0-C2BF5833B186</generatorID>
<ownerDesignName>CAPSTONE_GRUPO4</ownerDesignName>
<engineerTo>
<item key="260470E0-AAC4-AE6C-BBBE-995C5B08C33D" value="true"/>
</engineerTo>
<referedAttribute>AA5FAF5F-BF3D-096E-1A99-EB13441B494D</referedAttribute>
<useDomainConstraints>false</useDomainConstraints>
<use>1</use>
<logicalDatatype>LOGDT011</logicalDatatype>
<ownDataTypeParameters>,,</ownDataTypeParameters>
</Attribute>
<Attribute name="ID_Pago1" id="55C6FD09-AA82-C34C-0B28-B6EEC1B99720">
<createdBy>rafae</createdBy>
<createdTime>2024-09-26 21:47:34 UTC</createdTime>
<generatorID>54E4EF23-3E58-131F-68C0-C2BF5833B186</generatorID>
<ownerDesignName>CAPSTONE_GRUPO4</ownerDesignName>
<engineerTo>
<item key="260470E0-AAC4-AE6C-BBBE-995C5B08C33D" value="true"/>
</engineerTo>
<referedAttribute>3792644D-973C-57F6-62E8-C9D192BDDE32</referedAttribute>
<useDomainConstraints>false</useDomainConstraints>
<use>1</use>
<logicalDatatype>LOGDT019</logicalDatatype>
<dataTypePrecision>20</dataTypePrecision>
<dataTypeScale>1</dataTypeScale>
<ownDataTypeParameters>,,</ownDataTypeParameters>
</Attribute>
<Attribute name="ID_compra" id="C07ACC43-6C57-ADAC-E5AB-EDA61BA64819">
<createdBy>rafae</createdBy>
<createdTime>2024-10-07 09:03:31 UTC</createdTime>
<generatorID>6972FC94-6C8F-1F6C-3B8C-DDA386CA15BD</generatorID>
<ownerDesignName>CAPSTONE_GRUPO4</ownerDesignName>
<engineerTo>
<item key="260470E0-AAC4-AE6C-BBBE-995C5B08C33D" value="true"/>
</engineerTo>
<referedAttribute>327D8ED1-C30E-F81C-D47F-2C34E8CD4789</referedAttribute>
<useDomainConstraints>false</useDomainConstraints>
<use>1</use>
<logicalDatatype>LOGDT019</logicalDatatype>
<dataTypePrecision>30</dataTypePrecision>
<dataTypeScale>1</dataTypeScale>
<ownDataTypeParameters>,,</ownDataTypeParameters>
</Attribute>
</attributes>
<identifiers itemClass="oracle.dbtools.crest.model.design.logical.CandidateKey">
<identifier id="5BCE827A-4BF3-4B74-6E3C-7AF5544D7496" name="Pago PK">
<createdBy>rafae</createdBy>
<createdTime>2024-09-25 00:21:45 UTC</createdTime>
<ownerDesignName>CAPSTONE_GRUPO4</ownerDesignName>
<shouldEngineer>false</shouldEngineer>
<engineerTo>
<item key="260470E0-AAC4-AE6C-BBBE-995C5B08C33D" value="false"/>
</engineerTo>
<pk>true</pk>
<usedAttributes>
<attributeRef>04547C6F-B90C-C8CC-D759-E4D9CD2C78BB</attributeRef>
</usedAttributes>
</identifier>
</identifiers>
</Entity>