<?xml version = '1.0' encoding = 'UTF-8'?>
<Entity class="oracle.dbtools.crest.model.design.logical.Entity" directorySegmentName="seg_0" id="D8929B49-2001-F323-BB70-63D9AA3E72AB" name="DetalleVenta">
<createdBy>rafae</createdBy>
<createdTime>2024-09-26 21:46:05 UTC</createdTime>
<ownerDesignName>CAPSTONE_GRUPO4</ownerDesignName>
<engineerTo>
<item key="260470E0-AAC4-AE6C-BBBE-995C5B08C33D" value="true"/>
</engineerTo>
<adequatelyNormalized>NO</adequatelyNormalized>
<expectedVolumes>0</expectedVolumes>
<fwdEngineeringStrategyName>Single Table</fwdEngineeringStrategyName>
<growthPercent>0</growthPercent>
<growthType>Year</growthType>
<maxVolumes>9999999</maxVolumes>
<minVolumes>0</minVolumes>
<normalForm>Third</normalForm>
<shortName>DetallVent</shortName>
<attributes itemClass="oracle.dbtools.crest.model.design.logical.Attribute">
<Attribute name="ID_venta" id="FB1137B0-6E8C-5FB0-01C3-E8DA9D63440A">
<createdBy>rafae</createdBy>
<createdTime>2024-09-26 21:47:20 UTC</createdTime>
<generatorID>54617B12-054D-7402-0285-9142377937C7</generatorID>
<ownerDesignName>CAPSTONE_GRUPO4</ownerDesignName>
<engineerTo>
<item key="260470E0-AAC4-AE6C-BBBE-995C5B08C33D" value="true"/>
</engineerTo>
<referedAttribute>AA5FAF5F-BF3D-096E-1A99-EB13441B494D</referedAttribute>
<useDomainConstraints>false</useDomainConstraints>
<use>1</use>
<logicalDatatype>LOGDT011</logicalDatatype>
<ownDataTypeParameters>,,</ownDataTypeParameters>
</Attribute>
<Attribute name="ID_Producto" id="FEF1BC3F-9667-33DD-703C-11762A59F726">
<createdBy>rafae</createdBy>
<createdTime>2024-09-26 21:47:25 UTC</createdTime>
<generatorID>D9CEFB51-56BD-4006-31A9-D7DBD00E00FA</generatorID>
<ownerDesignName>CAPSTONE_GRUPO4</ownerDesignName>
<engineerTo>
<item key="260470E0-AAC4-AE6C-BBBE-995C5B08C33D" value="true"/>
</engineerTo>
<referedAttribute>3DEDBD11-BBDB-62F6-4DC5-74B57C18F853</referedAttribute>
<useDomainConstraints>false</useDomainConstraints>
<use>1</use>
<logicalDatatype>LOGDT019</logicalDatatype>
<dataTypePrecision>2</dataTypePrecision>
<dataTypeScale>1</dataTypeScale>
<ownDataTypeParameters>,,</ownDataTypeParameters>
</Attribute>
<Attribute name="Tipocomprobante" id="89F9F1C4-EEAA-6F87-562B-305A27D36371">
<createdBy>rafae</createdBy>
<createdTime>2024-10-07 08:47:26 UTC</createdTime>
<ownerDesignName>CAPSTONE_GRUPO4</ownerDesignName>
<engineerTo>
<item key="260470E0-AAC4-AE6C-BBBE-995C5B08C33D" value="true"/>
</engineerTo>
<useDomainConstraints>false</useDomainConstraints>
<use>1</use>
<logicalDatatype>LOGDT024</logicalDatatype>
<dataTypeSize>20 CHAR</dataTypeSize>
<ownDataTypeParameters>20 CHAR,,</ownDataTypeParameters>
</Attribute>
<Attribute name="SerieComprobante" id="EDB936EC-4164-2FFE-4580-C1338D289C26">
<createdBy>rafae</createdBy>
<createdTime>2024-10-07 08:47:52 UTC</createdTime>
<ownerDesignName>CAPSTONE_GRUPO4</ownerDesignName>
<engineerTo>
<item key="260470E0-AAC4-AE6C-BBBE-995C5B08C33D" value="true"/>
</engineerTo>
<useDomainConstraints>false</useDomainConstraints>
<use>1</use>
<logicalDatatype>LOGDT024</logicalDatatype>
<dataTypeSize>7 CHAR</dataTypeSize>
<ownDataTypeParameters>7 CHAR,,</ownDataTypeParameters>
</Attribute>
<Attribute name="numComprobante" id="881F0343-5B03-80C3-5CED-F4E872120682">
<createdBy>rafae</createdBy>
<createdTime>2024-10-07 08:48:16 UTC</createdTime>
<ownerDesignName>CAPSTONE_GRUPO4</ownerDesignName>
<engineerTo>
<item key="260470E0-AAC4-AE6C-BBBE-995C5B08C33D" value="true"/>
</engineerTo>
<useDomainConstraints>false</useDomainConstraints>
<use>1</use>
<logicalDatatype>LOGDT024</logicalDatatype>
<dataTypeSize>10 CHAR</dataTypeSize>
<ownDataTypeParameters>10 CHAR,,</ownDataTypeParameters>
</Attribute>
<Attribute name="fecha_hora" id="15105AFA-397B-5B2C-75E4-63EC48046A59">
<createdBy>rafae</createdBy>
<createdTime>2024-10-07 08:48:33 UTC</createdTime>
<ownerDesignName>CAPSTONE_GRUPO4</ownerDesignName>
<engineerTo>
<item key="260470E0-AAC4-AE6C-BBBE-995C5B08C33D" value="true"/>
</engineerTo>
<useDomainConstraints>false</useDomainConstraints>
<use>1</use>
<logicalDatatype>LOGDT008</logicalDatatype>
<ownDataTypeParameters>,,</ownDataTypeParameters>
</Attribute>
<Attribute name="impuesto" id="A62A0859-7C28-B0F0-49DA-5384EC54B864">
<createdBy>rafae</createdBy>
<createdTime>2024-10-07 08:48:51 UTC</createdTime>
<ownerDesignName>CAPSTONE_GRUPO4</ownerDesignName>
<engineerTo>
<item key="260470E0-AAC4-AE6C-BBBE-995C5B08C33D" value="true"/>
</engineerTo>
<useDomainConstraints>false</useDomainConstraints>
<use>1</use>
<logicalDatatype>LOGDT026</logicalDatatype>
<dataTypePrecision>4</dataTypePrecision>
<dataTypeScale>2</dataTypeScale>
<ownDataTypeParameters>,4,2</ownDataTypeParameters>
</Attribute>
<Attribute name="total_venta" id="2CB331E1-FB18-A85D-7A93-1015C774D824">
<createdBy>rafae</createdBy>
<createdTime>2024-10-07 08:49:09 UTC</createdTime>
<ownerDesignName>CAPSTONE_GRUPO4</ownerDesignName>
<engineerTo>
<item key="260470E0-AAC4-AE6C-BBBE-995C5B08C33D" value="true"/>
</engineerTo>
<useDomainConstraints>false</useDomainConstraints>
<use>1</use>
<logicalDatatype>LOGDT026</logicalDatatype>
<dataTypePrecision>11</dataTypePrecision>
<dataTypeScale>2</dataTypeScale>
<ownDataTypeParameters>,11,2</ownDataTypeParameters>
</Attribute>
<Attribute name="estado" id="2C577F19-FA6D-C893-B834-F6A892AD427E">
<createdBy>rafae</createdBy>
<createdTime>2024-10-07 08:49:27 UTC</createdTime>
<ownerDesignName>CAPSTONE_GRUPO4</ownerDesignName>
<engineerTo>
<item key="260470E0-AAC4-AE6C-BBBE-995C5B08C33D" value="true"/>
</engineerTo>
<useDomainConstraints>false</useDomainConstraints>
<use>1</use>
<logicalDatatype>LOGDT024</logicalDatatype>
<dataTypeSize>20 CHAR</dataTypeSize>
<ownDataTypeParameters>20 CHAR,,</ownDataTypeParameters>
</Attribute>
<Attribute name="id_detalleVENTA" id="50A2E521-8B98-B886-D9AF-A35CC5688FB3">
<createdBy>rafae</createdBy>
<createdTime>2024-10-07 08:50:51 UTC</createdTime>
<ownerDesignName>CAPSTONE_GRUPO4</ownerDesignName>
<engineerTo>
<item key="260470E0-AAC4-AE6C-BBBE-995C5B08C33D" value="true"/>
</engineerTo>
<useDomainConstraints>false</useDomainConstraints>
<use>1</use>
<logicalDatatype>LOGDT011</logicalDatatype>
<ownDataTypeParameters>,,</ownDataTypeParameters>
</Attribute>
<Attribute name="ID_Pago" id="1A6020B7-4199-86EF-8219-5F46AFA44507">
<createdBy>rafae</createdBy>
<createdTime>2024-10-07 09:01:59 UTC</createdTime>
<generatorID>54617B12-054D-7402-0285-9142377937C7</generatorID>
<ownerDesignName>CAPSTONE_GRUPO4</ownerDesignName>
<engineerTo>
<item key="260470E0-AAC4-AE6C-BBBE-995C5B08C33D" value="true"/>
</engineerTo>
<referedAttribute>725DE899-17A3-329E-E309-097CA26B9477</referedAttribute>
<use>1</use>
<logicalDatatype>LOGDT019</logicalDatatype>
<dataTypePrecision>20</dataTypePrecision>
<dataTypeScale>1</dataTypeScale>
<ownDataTypeParameters>,,</ownDataTypeParameters>
</Attribute>
</attributes>
<identifiers itemClass="oracle.dbtools.crest.model.design.logical.CandidateKey">
<identifier id="1F2BBE33-4C45-52CC-5948-02DC2EA1FE75" name="DetalleVenta PK">
<createdBy>rafae</createdBy>
<createdTime>2024-09-26 21:47:20 UTC</createdTime>
<ownerDesignName>CAPSTONE_GRUPO4</ownerDesignName>
<engineerTo>
<item key="260470E0-AAC4-AE6C-BBBE-995C5B08C33D" value="true"/>
</engineerTo>
<pk>true</pk>
<usedAttributes>
<attributeRef>FB1137B0-6E8C-5FB0-01C3-E8DA9D63440A</attributeRef>
<attributeRef>1A6020B7-4199-86EF-8219-5F46AFA44507</attributeRef>
<attributeRef>FEF1BC3F-9667-33DD-703C-11762A59F726</attributeRef>
<attributeRef>50A2E521-8B98-B886-D9AF-A35CC5688FB3</attributeRef>
</usedAttributes>
</identifier>
</identifiers>
</Entity>