<?xml version = '1.0' encoding = 'UTF-8'?>
<Relation class="oracle.dbtools.crest.model.design.logical.Relation" name="Relation_13" directorySegmentName="seg_0" id="54617B12-054D-7402-0285-9142377937C7">
<createdBy>rafae</createdBy>
<createdTime>2024-09-26 21:47:20 UTC</createdTime>
<ownerDesignName>CAPSTONE_GRUPO4</ownerDesignName>
<engineerTo>
<item key="260470E0-AAC4-AE6C-BBBE-995C5B08C33D" value="true"/>
</engineerTo>
<sourcePk>3E18F98E-9428-6186-2456-EB9AB745BC68</sourcePk>
<identifying>true</identifying>
<optionalSource>false</optionalSource>
<optionalTarget>false</optionalTarget>
<sourceCardinality>1</sourceCardinality>
<sourceEntity>2E15391D-EA09-119B-D4FF-9CBF437E5B2F</sourceEntity>
<targetCardinalityString>*</targetCardinalityString>
<targetEntity>D8929B49-2001-F323-BB70-63D9AA3E72AB</targetEntity>
<transferable>true</transferable>
<deleteRule>NO ACTION</deleteRule>
</Relation>