<?xml version = '1.0' encoding = 'UTF-8'?>
<Relation class="oracle.dbtools.crest.model.design.logical.Relation" name="Relation_7" directorySegmentName="seg_0" id="54E4EF23-3E58-131F-68C0-C2BF5833B186">
<createdBy>rafae</createdBy>
<createdTime>2024-09-25 00:32:38 UTC</createdTime>
<ownerDesignName>CAPSTONE_GRUPO4</ownerDesignName>
<engineerTo>
<item key="260470E0-AAC4-AE6C-BBBE-995C5B08C33D" value="true"/>
</engineerTo>
<sourcePk>5BCE827A-4BF3-4B74-6E3C-7AF5544D7496</sourcePk>
<targetPk>3E18F98E-9428-6186-2456-EB9AB745BC68</targetPk>
<identifying>false</identifying>
<optionalSource>false</optionalSource>
<optionalTarget>false</optionalTarget>
<sourceCardinality>1</sourceCardinality>
<sourceEntity>AA09FC1E-CF4B-B8D4-B76A-5284C73C6AD9</sourceEntity>
<targetCardinalityString>1</targetCardinalityString>
<targetEntity>2E15391D-EA09-119B-D4FF-9CBF437E5B2F</targetEntity>
<transferable>true</transferable>
<deleteRule>NO ACTION</deleteRule>
</Relation>