<?xml version = '1.0' encoding = 'UTF-8'?>
<Relation class="oracle.dbtools.crest.model.design.logical.Relation" name="Relation_12" directorySegmentName="seg_0" id="5A79DEB9-0339-E91D-DDC3-4387234AFB80">
<createdBy>rafae</createdBy>
<createdTime>2024-09-26 21:47:00 UTC</createdTime>
<ownerDesignName>CAPSTONE_GRUPO4</ownerDesignName>
<engineerTo>
<item key="260470E0-AAC4-AE6C-BBBE-995C5B08C33D" value="true"/>
</engineerTo>
<sourcePk>5BCE827A-4BF3-4B74-6E3C-7AF5544D7496</sourcePk>
<identifying>true</identifying>
<optionalSource>false</optionalSource>
<optionalTarget>false</optionalTarget>
<sourceCardinality>1</sourceCardinality>
<sourceEntity>AA09FC1E-CF4B-B8D4-B76A-5284C73C6AD9</sourceEntity>
<targetCardinalityString>*</targetCardinalityString>
<targetEntity>92BDE12C-917E-CEC0-146A-7810D29EDA70</targetEntity>
<transferable>true</transferable>
<deleteRule>NO ACTION</deleteRule>
</Relation>