<?xml version = '1.0' encoding = 'UTF-8'?>
<Relation class="oracle.dbtools.crest.model.design.logical.Relation" name="Relation_15" directorySegmentName="seg_0" id="643C8E64-BE1F-3126-76DE-4EB74E433490">
<createdBy>rafae</createdBy>
<createdTime>2024-09-26 21:47:34 UTC</createdTime>
<ownerDesignName>CAPSTONE_GRUPO4</ownerDesignName>
<engineerTo>
<item key="260470E0-AAC4-AE6C-BBBE-995C5B08C33D" value="true"/>
</engineerTo>
<sourcePk>76E64929-4EB7-D10B-F4B6-0876DE701893</sourcePk>
<identifying>true</identifying>
<optionalSource>false</optionalSource>
<optionalTarget>false</optionalTarget>
<sourceCardinality>1</sourceCardinality>
<sourceEntity>92BDE12C-917E-CEC0-146A-7810D29EDA70</sourceEntity>
<targetCardinalityString>*</targetCardinalityString>
<targetEntity>2E15391D-EA09-119B-D4FF-9CBF437E5B2F</targetEntity>
<transferable>true</transferable>
<deleteRule>NO ACTION</deleteRule>
</Relation>