<?xml version = '1.0' encoding = 'UTF-8'?>
<Relation class="oracle.dbtools.crest.model.design.logical.Relation" name="Relation_6" directorySegmentName="seg_0" id="6972FC94-6C8F-1F6C-3B8C-DDA386CA15BD">
<createdBy>rafae</createdBy>
<createdTime>2024-09-25 00:32:28 UTC</createdTime>
<ownerDesignName>CAPSTONE_GRUPO4</ownerDesignName>
<engineerTo>
<item key="260470E0-AAC4-AE6C-BBBE-995C5B08C33D" value="true"/>
</engineerTo>
<sourcePk>D5238BA3-DD0F-3B31-17F2-5437FF5474A9</sourcePk>
<targetPk>5BCE827A-4BF3-4B74-6E3C-7AF5544D7496</targetPk>
<identifying>false</identifying>
<optionalSource>false</optionalSource>
<optionalTarget>false</optionalTarget>
<sourceCardinality>1</sourceCardinality>
<sourceEntity>527FBD7E-139A-A687-1963-45E5600905FE</sourceEntity>
<targetCardinalityString>1</targetCardinalityString>
<targetEntity>AA09FC1E-CF4B-B8D4-B76A-5284C73C6AD9</targetEntity>
<transferable>true</transferable>
<deleteRule>NO ACTION</deleteRule>
</Relation>