<?xml version = '1.0' encoding = 'UTF-8'?>
<Relation class="oracle.dbtools.crest.model.design.logical.Relation" name="Relation_8" directorySegmentName="seg_0" id="6FB2C983-2858-A306-88DE-684305EE5E0A">
<createdBy>rafae</createdBy>
<createdTime>2024-09-25 00:33:23 UTC</createdTime>
<ownerDesignName>CAPSTONE_GRUPO4</ownerDesignName>
<engineerTo>
<item key="260470E0-AAC4-AE6C-BBBE-995C5B08C33D" value="true"/>
</engineerTo>
<sourcePk>66613A6E-4961-8C7A-7EA7-A29C9AF8472E</sourcePk>
<identifying>false</identifying>
<optionalSource>false</optionalSource>
<optionalTarget>false</optionalTarget>
<sourceCardinality>1</sourceCardinality>
<sourceEntity>27D334B2-EB34-F62D-4545-D6EA792BFC18</sourceEntity>
<targetCardinalityString>*</targetCardinalityString>
<targetEntity>9C37BE80-10B8-2338-8CFE-18436EA64F26</targetEntity>
<transferable>true</transferable>
<deleteRule>NO ACTION</deleteRule>
</Relation>