<?xml version = '1.0' encoding = 'UTF-8'?>
<Relation class="oracle.dbtools.crest.model.design.logical.Relation" name="Relation_3" directorySegmentName="seg_0" id="BC723BD1-D880-B080-4914-4377A5DC02AB">
<createdBy>rafae</createdBy>
<createdTime>2024-09-25 00:26:55 UTC</createdTime>
<ownerDesignName>CAPSTONE_GRUPO4</ownerDesignName>
<engineerTo>
<item key="260470E0-AAC4-AE6C-BBBE-995C5B08C33D" value="true"/>
</engineerTo>
<sourcePk>5C9186B1-A7E5-A633-C583-0BC70621353E</sourcePk>
<targetPk>66613A6E-4961-8C7A-7EA7-A29C9AF8472E</targetPk>
<identifying>false</identifying>
<optionalSource>false</optionalSource>
<optionalTarget>false</optionalTarget>
<sourceCardinality>1</sourceCardinality>
<sourceEntity>6874FBA4-D633-4963-328C-F870FFABAB0E</sourceEntity>
<targetCardinalityString>1</targetCardinalityString>
<targetEntity>27D334B2-EB34-F62D-4545-D6EA792BFC18</targetEntity>
<transferable>true</transferable>
<deleteRule>NO ACTION</deleteRule>
</Relation>