<?xml version = '1.0' encoding = 'UTF-8'?>
<Relation class="oracle.dbtools.crest.model.design.logical.Relation" name="Relation_2" directorySegmentName="seg_0" id="FE615426-2A2B-BABE-6589-A7996C493CEA">
<createdBy>rafae</createdBy>
<createdTime>2024-09-25 00:26:45 UTC</createdTime>
<ownerDesignName>CAPSTONE_GRUPO4</ownerDesignName>
<engineerTo>
<item key="260470E0-AAC4-AE6C-BBBE-995C5B08C33D" value="true"/>
</engineerTo>
<sourcePk>5C9186B1-A7E5-A633-C583-0BC70621353E</sourcePk>
<identifying>false</identifying>
<optionalSource>false</optionalSource>
<optionalTarget>false</optionalTarget>
<sourceCardinality>1</sourceCardinality>
<sourceEntity>6874FBA4-D633-4963-328C-F870FFABAB0E</sourceEntity>
<targetCardinalityString>*</targetCardinalityString>
<targetEntity>BC7435E6-F0EC-1B3B-240C-C8453168CD81</targetEntity>
<transferable>true</transferable>
<deleteRule>NO ACTION</deleteRule>
</Relation>